subject,trial,channel,phase,rms
A,1,1,Grasp,0.4698276584364381
A,1,1,Rotate,0.6931929044806244
A,1,1,Stop,0.27721096456680694
A,1,2,Grasp,0.03638733808535234
A,1,2,Rotate,0.05895640843042799
A,1,2,Stop,0.03840062536178692
A,2,1,Grasp,0.24622329832920695
A,2,1,Rotate,0.33979300298542153
A,2,1,Stop,0.21469652760294478
A,2,2,Grasp,0.027191244193814818
A,2,2,Rotate,0.04705361917520076
A,2,2,Stop,0.031614190959064425
A,3,1,Grasp,0.3929716016961715
A,3,1,Rotate,0.26502355326460414
A,3,1,Stop,0.15342213448123637
A,3,2,Grasp,0.03696128198195137
A,3,2,Rotate,0.04299327033110011
A,3,2,Stop,0.021164221276992738
A,4,1,Grasp,0.2722782328550505
A,4,1,Rotate,0.2661909446450636
A,4,1,Stop,0.16202841533127146
A,4,2,Grasp,0.024305481703140848
A,4,2,Rotate,0.04355832345520191
A,4,2,Stop,0.03539280458642342
A,5,1,Grasp,0.22123439015627777
A,5,1,Rotate,0.29170650992789166
A,5,1,Stop,0.18662105447060595
A,5,2,Grasp,0.028476446603664916
A,5,2,Rotate,0.04071409129236375
A,5,2,Stop,0.02833789813657964
A,6,1,Grasp,0.22639549977078666
A,6,1,Rotate,0.23877629039215903
A,6,1,Stop,0.19980297333143449
A,6,2,Grasp,0.026670100738002668
A,6,2,Rotate,0.04054633288902128
A,6,2,Stop,0.027966886367408687
A,7,1,Grasp,0.3207145353499363
A,7,1,Rotate,0.2885864025902444
A,7,1,Stop,0.18134059885819404
A,7,2,Grasp,0.02782176102797796
A,7,2,Rotate,0.03822391809233424
A,7,2,Stop,0.021091571386759413
A,8,1,Grasp,0.2149096777984989
A,8,1,Rotate,0.33223410658433566
A,8,1,Stop,0.18896126062442054
A,8,2,Grasp,0.027700565450772156
A,8,2,Rotate,0.051858758668696395
A,8,2,Stop,0.024643473143695527
A,9,1,Grasp,0.2648977940862651
A,9,1,Rotate,0.25497264063765457
A,9,1,Stop,0.17983183866355348
A,9,2,Grasp,0.03289792979261847
A,9,2,Rotate,0.08192483648656179
A,9,2,Stop,0.027725855223829664
A,10,1,Grasp,0.23019128833532268
A,10,1,Rotate,0.2685696440981318
A,10,1,Stop,0.18788339092969938
A,10,2,Grasp,0.026278123436335538
A,10,2,Rotate,0.05832430283517892
A,10,2,Stop,0.028058210657168438
A,11,1,Grasp,0.2748210016936769
A,11,1,Rotate,0.37515334734865097
A,11,1,Stop,0.20407214422769665
A,11,2,Grasp,0.026490930401350313
A,11,2,Rotate,0.052716887158504304
A,11,2,Stop,0.029444708408136525
A,12,1,Grasp,0.4511494572810162
A,12,1,Rotate,0.4529250179254487
A,12,1,Stop,0.27923488485607634
A,12,2,Grasp,0.039055615811635934
A,12,2,Rotate,0.05351662941044224
A,12,2,Stop,0.02619344977347896
A,13,1,Grasp,0.29474683156916975
A,13,1,Rotate,0.4355872888845063
A,13,1,Stop,0.2664597177587981
A,13,2,Grasp,0.038632607573423114
A,13,2,Rotate,0.05263197542730275
A,13,2,Stop,0.028186773569156703
A,14,1,Grasp,0.3695547911377978
A,14,1,Rotate,0.3968478850559688
A,14,1,Stop,0.2329588284487805
A,14,2,Grasp,0.03777076749128257
A,14,2,Rotate,0.050842651092046894
A,14,2,Stop,0.027302409027019782
A,15,1,Grasp,0.2367956433889582
A,15,1,Rotate,0.26740698218008135
A,15,1,Stop,0.19653277589702495
A,15,2,Grasp,0.03004977222370492
A,15,2,Rotate,0.05666915266208202
A,15,2,Stop,0.023191448828675305
A,16,1,Grasp,0.2905902270877738
A,16,1,Rotate,0.3747108447157797
A,16,1,Stop,0.2218978856324594
A,16,2,Grasp,0.04093142327825019
A,16,2,Rotate,0.04828002201387506
A,16,2,Stop,0.027021980253139583
A,17,1,Grasp,0.30972908351758605
A,17,1,Rotate,0.47905352232760523
A,17,1,Stop,0.22578604540104666
A,17,2,Grasp,0.03666651551419526
A,17,2,Rotate,0.07725865104936035
A,17,2,Stop,0.02753293890758256
A,18,1,Grasp,0.35037144814314924
A,18,1,Rotate,0.3223190533640642
A,18,1,Stop,0.22595931126519303
A,18,2,Grasp,0.03593355758042078
A,18,2,Rotate,0.038438320197715974
A,18,2,Stop,0.024832207300760373
A,19,1,Grasp,0.2249218976549994
A,19,1,Rotate,0.3475368719039172
A,19,1,Stop,0.1915536244673006
A,19,2,Grasp,0.030081140597438258
A,19,2,Rotate,0.040298989508398636
A,19,2,Stop,0.02281847484868649
A,20,1,Grasp,0.23582035484526653
A,20,1,Rotate,0.25487451523463767
A,20,1,Stop,0.20136754143854257
A,20,2,Grasp,0.029321352740831204
A,20,2,Rotate,0.03926595983824779
A,20,2,Stop,0.021946701009247577
A,21,1,Grasp,0.2623994497239268
A,21,1,Rotate,0.24072871340426624
A,21,1,Stop,0.18968906027979518
A,21,2,Grasp,0.029834906659443664
A,21,2,Rotate,0.03857796839015819
A,21,2,Stop,0.024745742989493637
A,22,1,Grasp,0.32885074335612274
A,22,1,Rotate,0.42573764516285706
A,22,1,Stop,0.23811955148024977
A,22,2,Grasp,0.03685293718865497
A,22,2,Rotate,0.04782951640701925
A,22,2,Stop,0.029631603779849903
A,23,1,Grasp,0.44337627728119894
A,23,1,Rotate,0.4678693385445538
A,23,1,Stop,0.2478308047808576
A,23,2,Grasp,0.034779027358209404
A,23,2,Rotate,0.03854196294819616
A,23,2,Stop,0.027041946117324276
A,24,1,Grasp,0.2546373782402611
A,24,1,Rotate,0.2703973905166555
A,24,1,Stop,0.2074784991393461
A,24,2,Grasp,0.03197453006559064
A,24,2,Rotate,0.03828715000756602
A,24,2,Stop,0.021439978412773113
A,25,1,Grasp,0.3008764523228038
A,25,1,Rotate,0.334988724676856
A,25,1,Stop,0.21510538195427034
A,25,2,Grasp,0.0387879382749547
A,25,2,Rotate,0.050509757912623465
A,25,2,Stop,0.028487721112017417
A,26,1,Grasp,0.5466628538259015
A,26,1,Rotate,0.2813928157666941
A,26,1,Stop,0.21091302444232315
A,26,2,Grasp,0.045641959255468316
A,26,2,Rotate,0.037181276130477225
A,26,2,Stop,0.028568597506760964
A,27,1,Grasp,0.33638435528619615
A,27,1,Rotate,0.312977017188583
A,27,1,Stop,0.17829193408198946
A,27,2,Grasp,0.03241959057604899
A,27,2,Rotate,0.03710750932709623
A,27,2,Stop,0.024095144232544552
A,28,1,Grasp,0.3112037515397124
A,28,1,Rotate,0.202966258671194
A,28,1,Stop,0.1741784990090892
A,28,2,Grasp,0.03485366468983537
A,28,2,Rotate,0.03571224276569217
A,28,2,Stop,0.02306886718110881
A,29,1,Grasp,0.25449809665385126
A,29,1,Rotate,0.18188909782461496
A,29,1,Stop,0.19474884855370803
A,29,2,Grasp,0.027019385878258067
A,29,2,Rotate,0.03781665874332713
A,29,2,Stop,0.02181199950611194
A,30,1,Grasp,0.30914711220637225
A,30,1,Rotate,0.18054958003047256
A,30,1,Stop,0.1769974092377689
A,30,2,Grasp,0.029337048146989897
A,30,2,Rotate,0.028261281516577783
A,30,2,Stop,0.020157211638925473
A,31,1,Grasp,0.2606289800764251
A,31,1,Rotate,0.23179729053277892
A,31,1,Stop,0.1314585895251527
A,31,2,Grasp,0.04210272620080696
A,31,2,Rotate,0.039506402080059545
A,31,2,Stop,0.02331630572515983
A,32,1,Grasp,0.2695909308795167
A,32,1,Rotate,0.15340448917088814
A,32,1,Stop,0.15435357394232863
A,32,2,Grasp,0.033345623768685544
A,32,2,Rotate,0.029907212567840118
A,32,2,Stop,0.019025291327807253
A,33,1,Grasp,0.2466894748035464
A,33,1,Rotate,0.20552458015507843
A,33,1,Stop,0.17152680285008534
A,33,2,Grasp,0.03695035893852205
A,33,2,Rotate,0.03319690878578515
A,33,2,Stop,0.018918352621773823
A,34,1,Grasp,0.28344582126528667
A,34,1,Rotate,0.20152115395655476
A,34,1,Stop,0.1562570849762916
A,34,2,Grasp,0.03254402748704476
A,34,2,Rotate,0.029936684530939818
A,34,2,Stop,0.020081492433865446
A,35,1,Grasp,0.41710752332690215
A,35,1,Rotate,0.21770964736286394
A,35,1,Stop,0.17203121262652413
A,35,2,Grasp,0.034011542643199964
A,35,2,Rotate,0.026706296990654643
A,35,2,Stop,0.016699141403540573
A,36,1,Grasp,0.2914716382164264
A,36,1,Rotate,0.26053683188735605
A,36,1,Stop,0.18786438718293721
A,36,2,Grasp,0.028033425635102208
A,36,2,Rotate,0.04782560872408918
A,36,2,Stop,0.021501098659565728
A,37,1,Grasp,0.2553937753294277
A,37,1,Rotate,0.18358594634090955
A,37,1,Stop,0.17763392221563282
A,37,2,Grasp,0.03377635710322742
A,37,2,Rotate,0.03244593765793192
A,37,2,Stop,0.0242944213353944
A,38,1,Grasp,0.3031293328548761
A,38,1,Rotate,0.28260131653489823
A,38,1,Stop,0.16393673936706635
A,38,2,Grasp,0.02960487491723067
A,38,2,Rotate,0.039220436412397294
A,38,2,Stop,0.021745760950977043
A,39,1,Grasp,0.253335856784459
A,39,1,Rotate,0.16276868277522838
A,39,1,Stop,0.14766200916666433
A,39,2,Grasp,0.02975773572052799
A,39,2,Rotate,0.040713550122663894
A,39,2,Stop,0.02434449172236514
A,40,1,Grasp,0.300513637169415
A,40,1,Rotate,0.208031352850348
A,40,1,Stop,0.163075455645667
A,40,2,Grasp,0.0521232360369609
A,40,2,Rotate,0.03241405541664099
A,40,2,Stop,0.01804597215965845
A,41,1,Grasp,0.25886430108921366
A,41,1,Rotate,0.16872919589052368
A,41,1,Stop,0.1221997821180255
A,41,2,Grasp,0.03363615273604888
A,41,2,Rotate,0.029984057246835068
A,41,2,Stop,0.018512109342606144
A,42,1,Grasp,0.1362877082133663
A,42,1,Rotate,0.12770460806580378
A,42,1,Stop,0.11962866125247461
A,42,2,Grasp,0.02818239853543443
A,42,2,Rotate,0.025100827505511365
A,42,2,Stop,0.016599076478753215
A,43,1,Grasp,0.18100996541295555
A,43,1,Rotate,0.13982907232833572
A,43,1,Stop,0.11941728925926486
A,43,2,Grasp,0.034224771923946296
A,43,2,Rotate,0.028100478548159977
A,43,2,Stop,0.02162487587021124
A,44,1,Grasp,0.2308870885525078
A,44,1,Rotate,0.20465177920964325
A,44,1,Stop,0.13953780538488883
A,44,2,Grasp,0.06814106853437082
A,44,2,Rotate,0.03250101517343338
A,44,2,Stop,0.020630045096052277
A,45,1,Grasp,0.3065621317296084
A,45,1,Rotate,0.22023453071654556
A,45,1,Stop,0.16370305016667303
A,45,2,Grasp,0.029053217818920472
A,45,2,Rotate,0.044388401091579446
A,45,2,Stop,0.026389082323002952
A,46,1,Grasp,0.19592848386949893
A,46,1,Rotate,0.1946970466412985
A,46,1,Stop,0.1410962563601834
A,46,2,Grasp,0.027375297727759595
A,46,2,Rotate,0.046349801672659834
A,46,2,Stop,0.024959441350662293
A,47,1,Grasp,0.3722301365298013
A,47,1,Rotate,0.20649289434284623
A,47,1,Stop,0.2120085524970005
A,47,2,Grasp,0.04489943430941338
A,47,2,Rotate,0.03607929919358823
A,47,2,Stop,0.029014550991593002
A,48,1,Grasp,0.21302367804033717
A,48,1,Rotate,0.26174604602515866
A,48,1,Stop,0.13048228604387221
A,48,2,Grasp,0.028258446049254513
A,48,2,Rotate,0.04095531347062106
A,48,2,Stop,0.027366726748399493
A,49,1,Grasp,0.25129529018758606
A,49,1,Rotate,0.21134647315756588
A,49,1,Stop,0.16331114620492787
A,49,2,Grasp,0.03033544523111999
A,49,2,Rotate,0.041838332297655885
A,49,2,Stop,0.02386065597683697
A,50,1,Grasp,0.2111828586704443
A,50,1,Rotate,0.17725951399306225
A,50,1,Stop,0.11318856924601563
A,50,2,Grasp,0.030988623146446553
A,50,2,Rotate,0.03453497699910427
A,50,2,Stop,0.022663591469584903
B,1,1,Grasp,0.0479006795933382
B,1,1,Rotate,0.1198558422669336
B,1,1,Stop,0.06394194404219189
B,1,2,Grasp,0.03445242147316114
B,1,2,Rotate,0.024413301232067225
B,1,2,Stop,0.015831565421116082
B,2,1,Grasp,0.05439464449013306
B,2,1,Rotate,0.1159293212575502
B,2,1,Stop,0.06199195702650714
B,2,2,Grasp,0.025822295803860498
B,2,2,Rotate,0.028029354434920245
B,2,2,Stop,0.018079851054358952
B,3,1,Grasp,0.04588248421489776
B,3,1,Rotate,0.0972975116349273
B,3,1,Stop,0.06552517119451287
B,3,2,Grasp,0.023654371117891888
B,3,2,Rotate,0.022470443054447578
B,3,2,Stop,0.015715325662215666
B,4,1,Grasp,0.05332788734570081
B,4,1,Rotate,0.10818304504912003
B,4,1,Stop,0.05664519887648498
B,4,2,Grasp,0.02343005165629272
B,4,2,Rotate,0.021746961781375206
B,4,2,Stop,0.01588726100921648
B,5,1,Grasp,0.05939919095656927
B,5,1,Rotate,0.1643044549698517
B,5,1,Stop,0.0639352465845629
B,5,2,Grasp,0.02511989456785808
B,5,2,Rotate,0.021143702803405422
B,5,2,Stop,0.014949013556993693
B,6,1,Grasp,0.04246142996831182
B,6,1,Rotate,0.07699673326060051
B,6,1,Stop,0.04628844608611503
B,6,2,Grasp,0.022245654268473188
B,6,2,Rotate,0.01820573293915037
B,6,2,Stop,0.012520688319234561
B,7,1,Grasp,0.05527107537649143
B,7,1,Rotate,0.08872974583969415
B,7,1,Stop,0.043498665936836434
B,7,2,Grasp,0.027106294297651948
B,7,2,Rotate,0.02540586951162374
B,7,2,Stop,0.016265306150575316
B,8,1,Grasp,0.041523570969910176
B,8,1,Rotate,0.07369578396165567
B,8,1,Stop,0.042459551606462066
B,8,2,Grasp,0.028602750250841986
B,8,2,Rotate,0.0243148732979006
B,8,2,Stop,0.0155322405127576
B,9,1,Grasp,0.032893739583055186
B,9,1,Rotate,0.07788119019822008
B,9,1,Stop,0.031216176374882467
B,9,2,Grasp,0.02104843142148455
B,9,2,Rotate,0.024848438750395333
B,9,2,Stop,0.015016516659121057
B,10,1,Grasp,0.05435178884699804
B,10,1,Rotate,0.08087389485695688
B,10,1,Stop,0.03821724977214037
B,10,2,Grasp,0.02134195466647678
B,10,2,Rotate,0.018042008527661132
B,10,2,Stop,0.01438238659482757
B,11,1,Grasp,0.0433194299829386
B,11,1,Rotate,0.08370681072766156
B,11,1,Stop,0.049316353320298656
B,11,2,Grasp,0.01918018152380485
B,11,2,Rotate,0.019221993249639586
B,11,2,Stop,0.013760005107264852
B,12,1,Grasp,0.042275852745495085
B,12,1,Rotate,0.07783085938887271
B,12,1,Stop,0.04181849825947742
B,12,2,Grasp,0.022885910976533114
B,12,2,Rotate,0.023044836795421682
B,12,2,Stop,0.014523736351717113
B,13,1,Grasp,0.05788034141269097
B,13,1,Rotate,0.08186868459383098
B,13,1,Stop,0.05331396345344916
B,13,2,Grasp,0.02536416186449454
B,13,2,Rotate,0.022826353629334536
B,13,2,Stop,0.015407293386040202
B,14,1,Grasp,0.04368403440875194
B,14,1,Rotate,0.059689529253222545
B,14,1,Stop,0.0406668596068019
B,14,2,Grasp,0.024524923383695805
B,14,2,Rotate,0.022089354298549302
B,14,2,Stop,0.014100149001007365
B,15,1,Grasp,0.0657647977831449
B,15,1,Rotate,0.08116814524626662
B,15,1,Stop,0.04444002335669876
B,15,2,Grasp,0.018858652890270253
B,15,2,Rotate,0.02068646312004658
B,15,2,Stop,0.013554181923906674
B,16,1,Grasp,0.04468279288765053
B,16,1,Rotate,0.05311893417817064
B,16,1,Stop,0.03196130755908537
B,16,2,Grasp,0.022956015535375008
B,16,2,Rotate,0.02142784329449515
B,16,2,Stop,0.019149671895692274
B,17,1,Grasp,0.04522859422141761
B,17,1,Rotate,0.08480178687673111
B,17,1,Stop,0.04592763829765975
B,17,2,Grasp,0.02409049899918779
B,17,2,Rotate,0.02025126383769528
B,17,2,Stop,0.015378062821709493
B,18,1,Grasp,0.050464399438555706
B,18,1,Rotate,0.06795926860793913
B,18,1,Stop,0.042648100766954085
B,18,2,Grasp,0.027199230006914512
B,18,2,Rotate,0.0216739451960513
B,18,2,Stop,0.014134067098507461
B,19,1,Grasp,0.07255651653582347
B,19,1,Rotate,0.04418952774889413
B,19,1,Stop,0.03163195635315748
B,19,2,Grasp,0.025464307409956363
B,19,2,Rotate,0.02058716545998973
B,19,2,Stop,0.014270991431124612
B,20,1,Grasp,0.05955773045813181
B,20,1,Rotate,0.0790966686678588
B,20,1,Stop,0.03899932247603241
B,20,2,Grasp,0.028434487394207487
B,20,2,Rotate,0.02703398546685011
B,20,2,Stop,0.01533984965146372
B,21,1,Grasp,0.04227559872227429
B,21,1,Rotate,0.03845217230975948
B,21,1,Stop,0.030010913193008026
B,21,2,Grasp,0.02340120806551861
B,21,2,Rotate,0.017264725452819662
B,21,2,Stop,0.012769501566693077
B,22,1,Grasp,0.03576788239731747
B,22,1,Rotate,0.05420993183423678
B,22,1,Stop,0.038059605369220956
B,22,2,Grasp,0.02496113189147499
B,22,2,Rotate,0.02326144644633077
B,22,2,Stop,0.014755475895780497
B,23,1,Grasp,0.08897571021528342
B,23,1,Rotate,0.0435971736761169
B,23,1,Stop,0.04006242951391246
B,23,2,Grasp,0.026463467589077475
B,23,2,Rotate,0.02217887954533357
B,23,2,Stop,0.014678363996696853
B,24,1,Grasp,0.03540370644728023
B,24,1,Rotate,0.08947980194455289
B,24,1,Stop,0.04320535516457983
B,24,2,Grasp,0.02027101069032656
B,24,2,Rotate,0.023844874381014288
B,24,2,Stop,0.014554318887221324
B,25,1,Grasp,0.048115143094474705
B,25,1,Rotate,0.052173359162790214
B,25,1,Stop,0.0406935584486682
B,25,2,Grasp,0.0200202193253069
B,25,2,Rotate,0.019469528767606752
B,25,2,Stop,0.013200757486338163
B,26,1,Grasp,0.06783201342186747
B,26,1,Rotate,0.07942672976292212
B,26,1,Stop,0.044768542712281534
B,26,2,Grasp,0.02125701307172716
B,26,2,Rotate,0.01764378813690309
B,26,2,Stop,0.012733821593102814
B,27,1,Grasp,0.04611568280537409
B,27,1,Rotate,0.04702802774623767
B,27,1,Stop,0.02891801814905409
B,27,2,Grasp,0.02241510016797552
B,27,2,Rotate,0.018706191485455933
B,27,2,Stop,0.013628808332640623
B,28,1,Grasp,0.11882662662980255
B,28,1,Rotate,0.04633001022696966
B,28,1,Stop,0.038747563491954
B,28,2,Grasp,0.022458512933486115
B,28,2,Rotate,0.016718205807058108
B,28,2,Stop,0.013029717538514115
B,29,1,Grasp,0.04943283689030391
B,29,1,Rotate,0.061495604124382354
B,29,1,Stop,0.037045912093461156
B,29,2,Grasp,0.02032761617063296
B,29,2,Rotate,0.016239785877364694
B,29,2,Stop,0.013204185521895211
B,30,1,Grasp,0.04384523599769751
B,30,1,Rotate,0.06316329976730617
B,30,1,Stop,0.034897778202359016
B,30,2,Grasp,0.023042635376865496
B,30,2,Rotate,0.018087119674282944
B,30,2,Stop,0.011563776281544624
B,31,1,Grasp,0.05077033642692529
B,31,1,Rotate,0.04099559133597724
B,31,1,Stop,0.03482739415287902
B,31,2,Grasp,0.020514746226043993
B,31,2,Rotate,0.018035476109947605
B,31,2,Stop,0.012511659052829813
B,32,1,Grasp,0.06420052179909014
B,32,1,Rotate,0.04103417773578718
B,32,1,Stop,0.03537930996080075
B,32,2,Grasp,0.02037111392981785
B,32,2,Rotate,0.015082875175759501
B,32,2,Stop,0.013446598989382608
B,33,1,Grasp,0.047514824344390374
B,33,1,Rotate,0.054768477426304876
B,33,1,Stop,0.031123567521409795
B,33,2,Grasp,0.020711285826955517
B,33,2,Rotate,0.016910975298009442
B,33,2,Stop,0.012682470515343805
B,34,1,Grasp,0.049559067733724836
B,34,1,Rotate,0.04610403645181222
B,34,1,Stop,0.026509688704407147
B,34,2,Grasp,0.01821286656120467
B,34,2,Rotate,0.015319337096671213
B,34,2,Stop,0.011929861766063605
B,35,1,Grasp,0.04369925983535236
B,35,1,Rotate,0.043117952104220356
B,35,1,Stop,0.027009612921523138
B,35,2,Grasp,0.019214853494788294
B,35,2,Rotate,0.03324239303021373
B,35,2,Stop,0.01206369558837562
B,36,1,Grasp,0.056983448392114416
B,36,1,Rotate,0.05751591399881361
B,36,1,Stop,0.04693943825080587
B,36,2,Grasp,0.018772274145488165
B,36,2,Rotate,0.01687267110586974
B,36,2,Stop,0.013778951896019864
B,37,1,Grasp,0.04321608972938188
B,37,1,Rotate,0.05620262495226796
B,37,1,Stop,0.04170670117919792
B,37,2,Grasp,0.01648329908974236
B,37,2,Rotate,0.017953990199176758
B,37,2,Stop,0.012570469519563938
B,38,1,Grasp,0.06341098200606853
B,38,1,Rotate,0.03809891416173967
B,38,1,Stop,0.03492970546945844
B,38,2,Grasp,0.03558838007867201
B,38,2,Rotate,0.015481683016781584
B,38,2,Stop,0.014174869539573432
B,39,1,Grasp,0.04337394602179388
B,39,1,Rotate,0.03767287637214324
B,39,1,Stop,0.01902362608463066
B,39,2,Grasp,0.017823281344989977
B,39,2,Rotate,0.0206336660926674
B,39,2,Stop,0.013725857528735544
B,40,1,Grasp,0.04204483183423362
B,40,1,Rotate,0.042734015458371966
B,40,1,Stop,0.039140411084298374
B,40,2,Grasp,0.01525557092558439
B,40,2,Rotate,0.013735818973490316
B,40,2,Stop,0.01183333100532434
B,41,1,Grasp,0.04099613728540613
B,41,1,Rotate,0.06087236719524595
B,41,1,Stop,0.03941332706016052
B,41,2,Grasp,0.018934766561470927
B,41,2,Rotate,0.02069633628939646
B,41,2,Stop,0.013076503610095718
B,42,1,Grasp,0.0459668566894544
B,42,1,Rotate,0.06904432730214757
B,42,1,Stop,0.03466818570954196
B,42,2,Grasp,0.014198246837675258
B,42,2,Rotate,0.015856996282188143
B,42,2,Stop,0.015050966970833446
B,43,1,Grasp,0.04380805023912794
B,43,1,Rotate,0.05406604113856237
B,43,1,Stop,0.03276351397189274
B,43,2,Grasp,0.017788553732221452
B,43,2,Rotate,0.02184998654253865
B,43,2,Stop,0.013361658690405015
B,44,1,Grasp,0.0537171773536103
B,44,1,Rotate,0.04543881554611641
B,44,1,Stop,0.03454333397689984
B,44,2,Grasp,0.021220312801081175
B,44,2,Rotate,0.01975556732704397
B,44,2,Stop,0.011876306197513896
B,45,1,Grasp,0.03939609977676085
B,45,1,Rotate,0.09371841563135595
B,45,1,Stop,0.04712862273993424
B,45,2,Grasp,0.03578744069907344
B,45,2,Rotate,0.029950152861480624
B,45,2,Stop,0.019010538294138343
B,46,1,Grasp,0.047643581695488706
B,46,1,Rotate,0.0332057620320405
B,46,1,Stop,0.018034264072371995
B,46,2,Grasp,0.019343286819451796
B,46,2,Rotate,0.020004500888405715
B,46,2,Stop,0.013352764097128838
B,47,1,Grasp,0.042509313299814784
B,47,1,Rotate,0.04316052519228577
B,47,1,Stop,0.023829416818657728
B,47,2,Grasp,0.018119418220784913
B,47,2,Rotate,0.019924631455220256
B,47,2,Stop,0.013383258788086137
B,48,1,Grasp,0.03943917551079875
B,48,1,Rotate,0.04551725305142034
B,48,1,Stop,0.014422073562439136
B,48,2,Grasp,0.01542513751254198
B,48,2,Rotate,0.026208786791706327
B,48,2,Stop,0.014399651057840393
B,49,1,Grasp,0.031096550592104914
B,49,1,Rotate,0.024221741149979825
B,49,1,Stop,0.012963276590118986
B,49,2,Grasp,0.01477310799897464
B,49,2,Rotate,0.024912085089966927
B,49,2,Stop,0.018022748883729442
B,50,1,Grasp,0.0434109967434041
B,50,1,Rotate,0.03342873026725563
B,50,1,Stop,0.015340552515514173
B,50,2,Grasp,0.02176867582954604
B,50,2,Rotate,0.036761012697725366
B,50,2,Stop,0.016918050906762207
C,1,1,Grasp,0.047024913408271064
C,1,1,Rotate,0.0897210202187359
C,1,1,Stop,0.057567316108893374
C,1,2,Grasp,0.030333751210725807
C,1,2,Rotate,0.057415650744708294
C,1,2,Stop,0.03799371915940591
C,2,1,Grasp,0.10765421009300129
C,2,1,Rotate,0.12509326178987162
C,2,1,Stop,0.08928648809679005
C,2,2,Grasp,0.04530262555924352
C,2,2,Rotate,0.05550623189157461
C,2,2,Stop,0.039772559319548054
C,3,1,Grasp,0.10764760484859973
C,3,1,Rotate,0.11383702061097928
C,3,1,Stop,0.056826168498803294
C,3,2,Grasp,0.052287226907458954
C,3,2,Rotate,0.05166871089290737
C,3,2,Stop,0.020135508351860978
C,4,1,Grasp,0.05976753300392059
C,4,1,Rotate,0.10118406406094753
C,4,1,Stop,0.06512104489018972
C,4,2,Grasp,0.03531827921189735
C,4,2,Rotate,0.05318360245881501
C,4,2,Stop,0.03389928211862743
C,5,1,Grasp,0.07180221930655904
C,5,1,Rotate,0.0865613269569016
C,5,1,Stop,0.0633972464868574
C,5,2,Grasp,0.03969381617323011
C,5,2,Rotate,0.050498419516892885
C,5,2,Stop,0.030580274389309787
C,6,1,Grasp,0.07485701297195324
C,6,1,Rotate,0.07485137056759189
C,6,1,Stop,0.04866007860444595
C,6,2,Grasp,0.033245365921885484
C,6,2,Rotate,0.03612655479155936
C,6,2,Stop,0.019860772791802924
C,7,1,Grasp,0.05302631578697502
C,7,1,Rotate,0.09958208024021867
C,7,1,Stop,0.0575601768562565
C,7,2,Grasp,0.041749314680975994
C,7,2,Rotate,0.05449492029044886
C,7,2,Stop,0.03156533528224571
C,8,1,Grasp,0.06584144380695857
C,8,1,Rotate,0.08381923948087094
C,8,1,Stop,0.04716112592175312
C,8,2,Grasp,0.035340666127402415
C,8,2,Rotate,0.03523490199889368
C,8,2,Stop,0.020857633526925105
C,9,1,Grasp,0.06617010279870944
C,9,1,Rotate,0.08969799288655571
C,9,1,Stop,0.06092088136266926
C,9,2,Grasp,0.027022166298307962
C,9,2,Rotate,0.04149002850736884
C,9,2,Stop,0.030690103756072597
C,10,1,Grasp,0.07498823719246955
C,10,1,Rotate,0.12089057908039111
C,10,1,Stop,0.09051341875650937
C,10,2,Grasp,0.04029114580140762
C,10,2,Rotate,0.05575445694720279
C,10,2,Stop,0.04061147686419012
C,11,1,Grasp,0.07948850284420825
C,11,1,Rotate,0.0846620932370928
C,11,1,Stop,0.07345896006653509
C,11,2,Grasp,0.03195705688616226
C,11,2,Rotate,0.0407160864266963
C,11,2,Stop,0.04051044498711193
C,12,1,Grasp,0.050449840089652684
C,12,1,Rotate,0.08191129224830969
C,12,1,Stop,0.07192783573027026
C,12,2,Grasp,0.027346773765390204
C,12,2,Rotate,0.04202144432741735
C,12,2,Stop,0.03090041765355959
C,13,1,Grasp,0.03694711865240901
C,13,1,Rotate,0.0852089286017521
C,13,1,Stop,0.04760572247107634
C,13,2,Grasp,0.0241658374495919
C,13,2,Rotate,0.051872407624925634
C,13,2,Stop,0.029038170873199935
C,14,1,Grasp,0.058069293548097936
C,14,1,Rotate,0.08796749457418135
C,14,1,Stop,0.049272766549515554
C,14,2,Grasp,0.03958623458080383
C,14,2,Rotate,0.05308849682589811
C,14,2,Stop,0.026716911847045065
C,15,1,Grasp,0.04943502035199777
C,15,1,Rotate,0.1163817309350352
C,15,1,Stop,0.061820814816975336
C,15,2,Grasp,0.028224722772845275
C,15,2,Rotate,0.048643534337294354
C,15,2,Stop,0.026813449009038183
C,16,1,Grasp,0.049788791945565944
C,16,1,Rotate,0.07182998708184186
C,16,1,Stop,0.04258684735574268
C,16,2,Grasp,0.03306806923678712
C,16,2,Rotate,0.04425262122986595
C,16,2,Stop,0.027013289555418245
C,17,1,Grasp,0.0514737784468156
C,17,1,Rotate,0.06958521802438705
C,17,1,Stop,0.059277050596269296
C,17,2,Grasp,0.0369655113728785
C,17,2,Rotate,0.03600158501613381
C,17,2,Stop,0.02150233760963841
C,18,1,Grasp,0.036074483727509994
C,18,1,Rotate,0.08916741873906281
C,18,1,Stop,0.032389145625725785
C,18,2,Grasp,0.022576303421016988
C,18,2,Rotate,0.0439080254246878
C,18,2,Stop,0.019108895041708276
C,19,1,Grasp,0.054160278656380345
C,19,1,Rotate,0.06443101260975205
C,19,1,Stop,0.03700950469153916
C,19,2,Grasp,0.02643737788848716
C,19,2,Rotate,0.03631626242132466
C,19,2,Stop,0.02070858645413484
C,20,1,Grasp,0.06137686373712212
C,20,1,Rotate,0.0669652007519933
C,20,1,Stop,0.04495392161748936
C,20,2,Grasp,0.03674376024140169
C,20,2,Rotate,0.03607088501517409
C,20,2,Stop,0.023696163164637244
C,21,1,Grasp,0.051024325327839994
C,21,1,Rotate,0.048523665558203186
C,21,1,Stop,0.04543916139238276
C,21,2,Grasp,0.0403401673707083
C,21,2,Rotate,0.0399082265204011
C,21,2,Stop,0.02243776224275722
C,22,1,Grasp,0.04600626834079265
C,22,1,Rotate,0.05527294298888326
C,22,1,Stop,0.03662301280713863
C,22,2,Grasp,0.021242355564938684
C,22,2,Rotate,0.025825553256699288
C,22,2,Stop,0.017047098027004395
C,23,1,Grasp,0.04563734135974394
C,23,1,Rotate,0.057855672434395634
C,23,1,Stop,0.056626813983900175
C,23,2,Grasp,0.03385474776882145
C,23,2,Rotate,0.03361581104490255
C,23,2,Stop,0.02458814958441263
C,24,1,Grasp,0.031641928123342905
C,24,1,Rotate,0.07404168046571803
C,24,1,Stop,0.045475185283439364
C,24,2,Grasp,0.025412904114812798
C,24,2,Rotate,0.04221727909908912
C,24,2,Stop,0.026836095843154936
C,25,1,Grasp,0.05321533994780761
C,25,1,Rotate,0.08903371348946407
C,25,1,Stop,0.044854765036249265
C,25,2,Grasp,0.04778860565110121
C,25,2,Rotate,0.04164521929348835
C,25,2,Stop,0.02496369246304863
C,26,1,Grasp,0.045096342135226286
C,26,1,Rotate,0.07361837850952253
C,26,1,Stop,0.06048591396679336
C,26,2,Grasp,0.03706381809095117
C,26,2,Rotate,0.04460745020925065
C,26,2,Stop,0.01713075215256429
C,27,1,Grasp,0.05578525724932197
C,27,1,Rotate,0.05851819711862704
C,27,1,Stop,0.0791714315620298
C,27,2,Grasp,0.02988219599703895
C,27,2,Rotate,0.03175924998282861
C,27,2,Stop,0.016386410753235374
C,28,1,Grasp,0.05773037517202661
C,28,1,Rotate,0.08459113585050101
C,28,1,Stop,0.053623649216287275
C,28,2,Grasp,0.02899173018795079
C,28,2,Rotate,0.04858145712066586
C,28,2,Stop,0.02971629472676869
C,29,1,Grasp,0.04019104818919529
C,29,1,Rotate,0.07903629758139667
C,29,1,Stop,0.08716640416586781
C,29,2,Grasp,0.02897778459649079
C,29,2,Rotate,0.044581510188100505
C,29,2,Stop,0.02648792055500324
C,30,1,Grasp,0.029027950969112714
C,30,1,Rotate,0.056442729889796164
C,30,1,Stop,0.03122870806607561
C,30,2,Grasp,0.020993835220003743
C,30,2,Rotate,0.03308749597312751
C,30,2,Stop,0.015760512789030345
C,31,1,Grasp,0.07305229304606814
C,31,1,Rotate,0.07494937907928144
C,31,1,Stop,0.04041079068423717
C,31,2,Grasp,0.037351185582787154
C,31,2,Rotate,0.04764028207095102
C,31,2,Stop,0.024480947843246812
C,32,1,Grasp,0.047075619983115616
C,32,1,Rotate,0.07671448294522283
C,32,1,Stop,0.05621028091840201
C,32,2,Grasp,0.033704590742443155
C,32,2,Rotate,0.04179008336446686
C,32,2,Stop,0.02205689057757753
C,33,1,Grasp,0.06791622251747129
C,33,1,Rotate,0.050733375141873996
C,33,1,Stop,0.03731365030718705
C,33,2,Grasp,0.017070091205752362
C,33,2,Rotate,0.02533298854418218
C,33,2,Stop,0.018488959664700773
C,34,1,Grasp,0.03777415770169027
C,34,1,Rotate,0.036638145955853234
C,34,1,Stop,0.05141093334149554
C,34,2,Grasp,0.02407730320448631
C,34,2,Rotate,0.025018883051761753
C,34,2,Stop,0.015449820321524034
C,35,1,Grasp,0.0626835749542676
C,35,1,Rotate,0.06419706120604098
C,35,1,Stop,0.06002586026703768
C,35,2,Grasp,0.028239629044653707
C,35,2,Rotate,0.03764991685423909
C,35,2,Stop,0.02224342909281724
C,36,1,Grasp,0.04615138682254846
C,36,1,Rotate,0.044606572349487415
C,36,1,Stop,0.08179405644203615
C,36,2,Grasp,0.026100587795070487
C,36,2,Rotate,0.026731974317931746
C,36,2,Stop,0.01611523004356306
C,37,1,Grasp,0.0474731464204087
C,37,1,Rotate,0.06259894113133771
C,37,1,Stop,0.05402038268250677
C,37,2,Grasp,0.019981354583978712
C,37,2,Rotate,0.02547394628976744
C,37,2,Stop,0.016928186549182777
C,38,1,Grasp,0.06566685317891739
C,38,1,Rotate,0.06161763356347838
C,38,1,Stop,0.10077016626356405
C,38,2,Grasp,0.034415729209836765
C,38,2,Rotate,0.03516818251514666
C,38,2,Stop,0.02218759728279217
C,39,1,Grasp,0.0655948007545631
C,39,1,Rotate,0.08135893106656875
C,39,1,Stop,0.057177842037725225
C,39,2,Grasp,0.03336434925142433
C,39,2,Rotate,0.04767226540330002
C,39,2,Stop,0.030411085905982918
C,40,1,Grasp,0.07123533572489336
C,40,1,Rotate,0.056344010326861656
C,40,1,Stop,0.0436930059330168
C,40,2,Grasp,0.0314265092662575
C,40,2,Rotate,0.03621789124674652
C,40,2,Stop,0.021459713015721985
C,41,1,Grasp,0.06735124796564361
C,41,1,Rotate,0.08554806456747009
C,41,1,Stop,0.0690686653589324
C,41,2,Grasp,0.027992446731653044
C,41,2,Rotate,0.03692901433565095
C,41,2,Stop,0.017464932758573443
C,42,1,Grasp,0.11345698134668052
C,42,1,Rotate,0.06411271315575351
C,42,1,Stop,0.06448233166317444
C,42,2,Grasp,0.027533509679761835
C,42,2,Rotate,0.031093365280846934
C,42,2,Stop,0.016151391736498294
C,43,1,Grasp,0.06472333898624988
C,43,1,Rotate,0.08257680894688531
C,43,1,Stop,0.0721405125901306
C,43,2,Grasp,0.024839599250652756
C,43,2,Rotate,0.03589356278121367
C,43,2,Stop,0.017934830270160167
C,44,1,Grasp,0.061735727374456324
C,44,1,Rotate,0.0701983284772758
C,44,1,Stop,0.06124576395793112
C,44,2,Grasp,0.030646049564724047
C,44,2,Rotate,0.047884557443157026
C,44,2,Stop,0.03201915047979423
C,45,1,Grasp,0.05509524550646351
C,45,1,Rotate,0.057565490854472955
C,45,1,Stop,0.05701787532934275
C,45,2,Grasp,0.029999742561089313
C,45,2,Rotate,0.028754751827492615
C,45,2,Stop,0.022664709161800693
C,46,1,Grasp,0.05389880575189653
C,46,1,Rotate,0.07288117300129486
C,46,1,Stop,0.0543755182862956
C,46,2,Grasp,0.03553408806013273
C,46,2,Rotate,0.03796347966175185
C,46,2,Stop,0.02885248379623894
C,47,1,Grasp,0.06653174445809423
C,47,1,Rotate,0.05592887888973202
C,47,1,Stop,0.05663283408802802
C,47,2,Grasp,0.023693948774957566
C,47,2,Rotate,0.03741174856722493
C,47,2,Stop,0.02128694820934665
C,48,1,Grasp,0.042556035583325
C,48,1,Rotate,0.05509920218947676
C,48,1,Stop,0.09229212976786921
C,48,2,Grasp,0.023746087729059923
C,48,2,Rotate,0.02946450853790503
C,48,2,Stop,0.017641939386313605
C,49,1,Grasp,0.0717915145683173
C,49,1,Rotate,0.06640982643916749
C,49,1,Stop,0.03908436992851715
C,49,2,Grasp,0.029117637343293857
C,49,2,Rotate,0.03326355658686263
C,49,2,Stop,0.01580933542669073
C,50,1,Grasp,0.042871867284123774
C,50,1,Rotate,0.05390811254944862
C,50,1,Stop,0.0640639004642619
C,50,2,Grasp,0.019653488849570005
C,50,2,Rotate,0.025994354548065448
C,50,2,Stop,0.015296306966450316
D,1,1,Grasp,0.1701113204896633
D,1,1,Rotate,0.07200877041209539
D,1,1,Stop,0.05991866881677786
D,1,2,Grasp,0.13507497102559438
D,1,2,Rotate,0.05580715336987939
D,1,2,Stop,0.02730760992916147
D,2,1,Grasp,0.146167296146765
D,2,1,Rotate,0.08129478703433073
D,2,1,Stop,0.06788882395949646
D,2,2,Grasp,0.13841792412386056
D,2,2,Rotate,0.07022150030628127
D,2,2,Stop,0.03566500087095309
D,3,1,Grasp,0.11950335553456395
D,3,1,Rotate,0.09370923419575618
D,3,1,Stop,0.050040561689887034
D,3,2,Grasp,0.09457971363765404
D,3,2,Rotate,0.07723236037056863
D,3,2,Stop,0.04223045925225417
D,4,1,Grasp,0.0780586941867771
D,4,1,Rotate,0.14352582408914383
D,4,1,Stop,0.06680338017301828
D,4,2,Grasp,0.077307700519263
D,4,2,Rotate,0.09895355735296393
D,4,2,Stop,0.05185755619176381
D,5,1,Grasp,0.08315234613602368
D,5,1,Rotate,0.08383932799355458
D,5,1,Stop,0.05705555808178527
D,5,2,Grasp,0.08862597927828111
D,5,2,Rotate,0.09552258841289776
D,5,2,Stop,0.04181233007470092
D,6,1,Grasp,0.06424630306675799
D,6,1,Rotate,0.07688225986076307
D,6,1,Stop,0.05294078391606471
D,6,2,Grasp,0.062002563687915964
D,6,2,Rotate,0.06369668044838009
D,6,2,Stop,0.04202625145346877
D,7,1,Grasp,0.08704488653993178
D,7,1,Rotate,0.08356601218526206
D,7,1,Stop,0.052893337778529496
D,7,2,Grasp,0.0720274717499571
D,7,2,Rotate,0.09359537202306134
D,7,2,Stop,0.04289681231068442
D,8,1,Grasp,0.0771459933406521
D,8,1,Rotate,0.1455965121180811
D,8,1,Stop,0.04956184195637017
D,8,2,Grasp,0.0652963904510462
D,8,2,Rotate,0.08766978812726145
D,8,2,Stop,0.03855418412613584
D,9,1,Grasp,0.09173805024386235
D,9,1,Rotate,0.1138325474843392
D,9,1,Stop,0.05038898604731242
D,9,2,Grasp,0.12094432369891812
D,9,2,Rotate,0.06199079393532689
D,9,2,Stop,0.03827578716545665
D,10,1,Grasp,0.1252169832001379
D,10,1,Rotate,0.15799130609262155
D,10,1,Stop,0.06308405873964655
D,10,2,Grasp,0.06704739962469954
D,10,2,Rotate,0.06751765612719099
D,10,2,Stop,0.03795854717664345
D,11,1,Grasp,0.12840211112409516
D,11,1,Rotate,0.08190334985634726
D,11,1,Stop,0.06430672855489847
D,11,2,Grasp,0.13746750812889205
D,11,2,Rotate,0.08629483988444067
D,11,2,Stop,0.0524868764223286
D,12,1,Grasp,0.13086348914861923
D,12,1,Rotate,0.0717208967564192
D,12,1,Stop,0.08579587799974712
D,12,2,Grasp,0.1381258464767805
D,12,2,Rotate,0.07264905362148298
D,12,2,Stop,0.04464030607952379
D,13,1,Grasp,0.0795078118665335
D,13,1,Rotate,0.07959193700508115
D,13,1,Stop,0.059597738856544215
D,13,2,Grasp,0.07299359663529488
D,13,2,Rotate,0.08305448364297725
D,13,2,Stop,0.04084464753603212
D,14,1,Grasp,0.1526591548924899
D,14,1,Rotate,0.10432947256034433
D,14,1,Stop,0.07909514122485141
D,14,2,Grasp,0.0706118461615554
D,14,2,Rotate,0.05218576068380912
D,14,2,Stop,0.035991408530483014
D,15,1,Grasp,0.09851917226586392
D,15,1,Rotate,0.07464879463578565
D,15,1,Stop,0.05303490634865158
D,15,2,Grasp,0.08345851109470795
D,15,2,Rotate,0.05195500557583817
D,15,2,Stop,0.029804533702453166
D,16,1,Grasp,0.10481271247230897
D,16,1,Rotate,0.08793687175142655
D,16,1,Stop,0.0725751544255114
D,16,2,Grasp,0.062261796912391504
D,16,2,Rotate,0.0536003700833669
D,16,2,Stop,0.027002977864895143
D,17,1,Grasp,0.08180633787181799
D,17,1,Rotate,0.06806611095337607
D,17,1,Stop,0.05013512731184135
D,17,2,Grasp,0.0656988198952045
D,17,2,Rotate,0.061204962407995084
D,17,2,Stop,0.03179192427051794
D,18,1,Grasp,0.17742846584868255
D,18,1,Rotate,0.09624844407794175
D,18,1,Stop,0.07672433306338686
D,18,2,Grasp,0.0773539874118397
D,18,2,Rotate,0.06622283168846899
D,18,2,Stop,0.04767048579736919
D,19,1,Grasp,0.09896927458603352
D,19,1,Rotate,0.059258031416286376
D,19,1,Stop,0.06336753026567789
D,19,2,Grasp,0.08392008357658422
D,19,2,Rotate,0.06482929321570277
D,19,2,Stop,0.041343371141857065
D,20,1,Grasp,0.08555312200889195
D,20,1,Rotate,0.04900656881405617
D,20,1,Stop,0.05655030295208955
D,20,2,Grasp,0.09542866299121971
D,20,2,Rotate,0.04233576168815132
D,20,2,Stop,0.027341080168505803
D,21,1,Grasp,0.07318574996831786
D,21,1,Rotate,0.05609076773427966
D,21,1,Stop,0.060727771548032085
D,21,2,Grasp,0.06644276011056742
D,21,2,Rotate,0.044030638456990116
D,21,2,Stop,0.028204438346548687
D,22,1,Grasp,0.09188395109879909
D,22,1,Rotate,0.07678696408412683
D,22,1,Stop,0.0627363708481084
D,22,2,Grasp,0.11546052859057479
D,22,2,Rotate,0.07679092260836903
D,22,2,Stop,0.03686674461189842
D,23,1,Grasp,0.06812511389855426
D,23,1,Rotate,0.05931121122551676
D,23,1,Stop,0.03796835421871096
D,23,2,Grasp,0.06490196677834249
D,23,2,Rotate,0.06843323271264196
D,23,2,Stop,0.02853915202946418
D,24,1,Grasp,0.15625419850909447
D,24,1,Rotate,0.08154262087478185
D,24,1,Stop,0.07182969574767636
D,24,2,Grasp,0.1786353590818345
D,24,2,Rotate,0.0964139965098487
D,24,2,Stop,0.06344879271890423
D,25,1,Grasp,0.1055415488302914
D,25,1,Rotate,0.07832840853643035
D,25,1,Stop,0.07303356538901636
D,25,2,Grasp,0.12152073841298427
D,25,2,Rotate,0.08952650981739008
D,25,2,Stop,0.045475241104815746
D,26,1,Grasp,0.10000688134494588
D,26,1,Rotate,0.09200968776257182
D,26,1,Stop,0.09523959699302842
D,26,2,Grasp,0.11782923822803355
D,26,2,Rotate,0.0865965470221996
D,26,2,Stop,0.034207369503850914
D,27,1,Grasp,0.09449136419048149
D,27,1,Rotate,0.08206462789477968
D,27,1,Stop,0.07411079712918014
D,27,2,Grasp,0.12821531483489093
D,27,2,Rotate,0.09244562063026104
D,27,2,Stop,0.03172024129008248
D,28,1,Grasp,0.06856031096153548
D,28,1,Rotate,0.09384706267802953
D,28,1,Stop,0.048254551357843775
D,28,2,Grasp,0.11602183591685977
D,28,2,Rotate,0.1250649442888266
D,28,2,Stop,0.03533177220187329
D,29,1,Grasp,0.06960041676776096
D,29,1,Rotate,0.05681588673329694
D,29,1,Stop,0.0641194387812348
D,29,2,Grasp,0.06495287715916721
D,29,2,Rotate,0.039849651513076415
D,29,2,Stop,0.023530346416250635
D,30,1,Grasp,0.08380997772214756
D,30,1,Rotate,0.13869267251765238
D,30,1,Stop,0.045977559194923495
D,30,2,Grasp,0.062032247717460784
D,30,2,Rotate,0.14134008228101458
D,30,2,Stop,0.043759277263646014
D,31,1,Grasp,0.08644755964742268
D,31,1,Rotate,0.10820154752042205
D,31,1,Stop,0.04839630810759993
D,31,2,Grasp,0.05645266744383866
D,31,2,Rotate,0.059786897843798426
D,31,2,Stop,0.0284586778917812
D,32,1,Grasp,0.07911651628309728
D,32,1,Rotate,0.05053710664014758
D,32,1,Stop,0.0666958596205922
D,32,2,Grasp,0.07322570855430811
D,32,2,Rotate,0.03861213621310807
D,32,2,Stop,0.025061707995978944
D,33,1,Grasp,0.11863984412381935
D,33,1,Rotate,0.06360239828392489
D,33,1,Stop,0.049358499699784494
D,33,2,Grasp,0.08356803456024323
D,33,2,Rotate,0.047484607610065975
D,33,2,Stop,0.03737085075269373
D,34,1,Grasp,0.09364613239276401
D,34,1,Rotate,0.08415997124763035
D,34,1,Stop,0.05509757995246883
D,34,2,Grasp,0.10600071729698703
D,34,2,Rotate,0.08563852982639028
D,34,2,Stop,0.03876298397504568
D,35,1,Grasp,0.08446402907961723
D,35,1,Rotate,0.07133607881408362
D,35,1,Stop,0.05937444459325847
D,35,2,Grasp,0.05839114013440169
D,35,2,Rotate,0.05814681881367864
D,35,2,Stop,0.03363816445057877
D,36,1,Grasp,0.1294467978232237
D,36,1,Rotate,0.1449777904730854
D,36,1,Stop,0.06589646411725732
D,36,2,Grasp,0.16255944171629186
D,36,2,Rotate,0.12477832155445949
D,36,2,Stop,0.050040612164461554
D,37,1,Grasp,0.07818819403906893
D,37,1,Rotate,0.0756158739058177
D,37,1,Stop,0.06250983967421754
D,37,2,Grasp,0.060262238304561545
D,37,2,Rotate,0.040027038422731906
D,37,2,Stop,0.02407277554452305
D,38,1,Grasp,0.10227392074151966
D,38,1,Rotate,0.11073442857038453
D,38,1,Stop,0.042730738808804576
D,38,2,Grasp,0.055474399171960946
D,38,2,Rotate,0.04717614023000616
D,38,2,Stop,0.019378534045044346
D,39,1,Grasp,0.061036010758235414
D,39,1,Rotate,0.06503963111457074
D,39,1,Stop,0.04440826135210952
D,39,2,Grasp,0.0439248487616744
D,39,2,Rotate,0.0460702408111062
D,39,2,Stop,0.0273889674756772
D,40,1,Grasp,0.07966616293365017
D,40,1,Rotate,0.04125781664544955
D,40,1,Stop,0.03754453096679605
D,40,2,Grasp,0.05268320809847745
D,40,2,Rotate,0.037180366499323346
D,40,2,Stop,0.022806809594374193
D,41,1,Grasp,0.07841731972697763
D,41,1,Rotate,0.04821895091935871
D,41,1,Stop,0.040030530041469434
D,41,2,Grasp,0.060402612663010335
D,41,2,Rotate,0.03217854805003375
D,41,2,Stop,0.023508899880043344
D,42,1,Grasp,0.0828845997774588
D,42,1,Rotate,0.07872699164825357
D,42,1,Stop,0.0576585354112989
D,42,2,Grasp,0.06582915116933181
D,42,2,Rotate,0.05769217251575396
D,42,2,Stop,0.026164056607474947
D,43,1,Grasp,0.08091416907805835
D,43,1,Rotate,0.049097107689174725
D,43,1,Stop,0.04433380135225992
D,43,2,Grasp,0.05274212897231438
D,43,2,Rotate,0.034137117037366355
D,43,2,Stop,0.020868703918121127
D,44,1,Grasp,0.07808759900342936
D,44,1,Rotate,0.06901858805454025
D,44,1,Stop,0.05014347990909746
D,44,2,Grasp,0.0627850040007703
D,44,2,Rotate,0.04094959818311098
D,44,2,Stop,0.02683520627858414
D,45,1,Grasp,0.0768839107504534
D,45,1,Rotate,0.07736662427366547
D,45,1,Stop,0.04849824229866468
D,45,2,Grasp,0.04915654414054013
D,45,2,Rotate,0.051163409984964714
D,45,2,Stop,0.030750192199395274
D,46,1,Grasp,0.08531563919365608
D,46,1,Rotate,0.1300904458199016
D,46,1,Stop,0.047192714014564784
D,46,2,Grasp,0.06071458918652831
D,46,2,Rotate,0.07875045735911408
D,46,2,Stop,0.02690549534380631
D,47,1,Grasp,0.0583191068033907
D,47,1,Rotate,0.07455377078680164
D,47,1,Stop,0.05077917921548436
D,47,2,Grasp,0.11203817997618473
D,47,2,Rotate,0.09131608570730275
D,47,2,Stop,0.03724633293175333
D,48,1,Grasp,0.10356836206012518
D,48,1,Rotate,0.07191671087800955
D,48,1,Stop,0.036225662883013515
D,48,2,Grasp,0.0815070385851507
D,48,2,Rotate,0.06177444865978889
D,48,2,Stop,0.02488553407946912
D,49,1,Grasp,0.11917612675925654
D,49,1,Rotate,0.07835758564072554
D,49,1,Stop,0.06821734880444418
D,49,2,Grasp,0.07392351668502482
D,49,2,Rotate,0.04570408866416831
D,49,2,Stop,0.035352630331255255
D,50,1,Grasp,0.12466983893922297
D,50,1,Rotate,0.12136128522048158
D,50,1,Stop,0.07306263388330418
D,50,2,Grasp,0.07901495420283125
D,50,2,Rotate,0.04290291611549731
D,50,2,Stop,0.026337810670444065
E,1,1,Grasp,0.06362468150330099
E,1,1,Rotate,0.0897019752116544
E,1,1,Stop,0.14657671149723187
E,1,2,Grasp,0.020986303854901512
E,1,2,Rotate,0.02494234217040027
E,1,2,Stop,0.029452413312187647
E,2,1,Grasp,0.07565711881080117
E,2,1,Rotate,0.08050306620914381
E,2,1,Stop,0.10404731731094673
E,2,2,Grasp,0.030465509570387947
E,2,2,Rotate,0.02836643570605116
E,2,2,Stop,0.020966609018734983
E,3,1,Grasp,0.06657955347626804
E,3,1,Rotate,0.08314209859456478
E,3,1,Stop,0.09947378168844424
E,3,2,Grasp,0.03409423244280006
E,3,2,Rotate,0.039141770543722094
E,3,2,Stop,0.04149460124685116
E,4,1,Grasp,0.04164359108558732
E,4,1,Rotate,0.09686684663912407
E,4,1,Stop,0.08780331105723033
E,4,2,Grasp,0.03625580760154924
E,4,2,Rotate,0.04140933700385862
E,4,2,Stop,0.025257526062427416
E,5,1,Grasp,0.03842540813509989
E,5,1,Rotate,0.177423399840514
E,5,1,Stop,0.08429753780141448
E,5,2,Grasp,0.025871450512335574
E,5,2,Rotate,0.045918695491771196
E,5,2,Stop,0.03385219538636474
E,6,1,Grasp,0.07677983046543653
E,6,1,Rotate,0.09782961056093929
E,6,1,Stop,0.08685387095630631
E,6,2,Grasp,0.03352908330475346
E,6,2,Rotate,0.04539008706172333
E,6,2,Stop,0.035418390801996553
E,7,1,Grasp,0.06422631839606532
E,7,1,Rotate,0.08600190618098272
E,7,1,Stop,0.0780902744569937
E,7,2,Grasp,0.03227863758317746
E,7,2,Rotate,0.033554169464966525
E,7,2,Stop,0.023863156704386105
E,8,1,Grasp,0.10171455928244226
E,8,1,Rotate,0.1058336026307455
E,8,1,Stop,0.17258604195169264
E,8,2,Grasp,0.034613077502144096
E,8,2,Rotate,0.031650511795804206
E,8,2,Stop,0.022196484504127787
E,9,1,Grasp,0.02839616316485483
E,9,1,Rotate,0.1116490608364441
E,9,1,Stop,0.07481240390590992
E,9,2,Grasp,0.032774807004163284
E,9,2,Rotate,0.04033653812780984
E,9,2,Stop,0.024795456241306975
E,10,1,Grasp,0.11502648743409817
E,10,1,Rotate,0.09603823085577207
E,10,1,Stop,0.07585428750464951
E,10,2,Grasp,0.0387887093740536
E,10,2,Rotate,0.03235896966963134
E,10,2,Stop,0.024625782338797732
E,11,1,Grasp,0.09876996482677365
E,11,1,Rotate,0.09985906903865702
E,11,1,Stop,0.1027473755278463
E,11,2,Grasp,0.02738876987773226
E,11,2,Rotate,0.03389608451818082
E,11,2,Stop,0.01943641910816687
E,12,1,Grasp,0.053262939414647485
E,12,1,Rotate,0.11179988550688598
E,12,1,Stop,0.055298862626384074
E,12,2,Grasp,0.02464949179359548
E,12,2,Rotate,0.027462547680133877
E,12,2,Stop,0.019730762096793777
E,13,1,Grasp,0.05797223623437149
E,13,1,Rotate,0.08002289779392713
E,13,1,Stop,0.06666350591379208
E,13,2,Grasp,0.07732137685950037
E,13,2,Rotate,0.0304244435233343
E,13,2,Stop,0.021909743584628237
E,14,1,Grasp,0.09642165018074071
E,14,1,Rotate,0.09631635045709218
E,14,1,Stop,0.08434866527301327
E,14,2,Grasp,0.03219960976995734
E,14,2,Rotate,0.022608835217132445
E,14,2,Stop,0.01666884955439879
E,15,1,Grasp,0.08667292438198242
E,15,1,Rotate,0.10517418473049019
E,15,1,Stop,0.05839636456849758
E,15,2,Grasp,0.02059298796218395
E,15,2,Rotate,0.034079518728466617
E,15,2,Stop,0.022631047550165245
E,16,1,Grasp,0.06580027134699
E,16,1,Rotate,0.06822582901169745
E,16,1,Stop,0.09584484169480498
E,16,2,Grasp,0.023930006634008117
E,16,2,Rotate,0.02443060726682954
E,16,2,Stop,0.01739216387533836
E,17,1,Grasp,0.04233079911386518
E,17,1,Rotate,0.10478024782779402
E,17,1,Stop,0.04840090723456513
E,17,2,Grasp,0.029232743599895958
E,17,2,Rotate,0.03306696413728394
E,17,2,Stop,0.018952488873209737
E,18,1,Grasp,0.05127180355303785
E,18,1,Rotate,0.13412725717763704
E,18,1,Stop,0.08319509508697864
E,18,2,Grasp,0.03001831120857249
E,18,2,Rotate,0.043827508068648525
E,18,2,Stop,0.028859496118772664
E,19,1,Grasp,0.03743259803460529
E,19,1,Rotate,0.0844518652598587
E,19,1,Stop,0.054857974756561095
E,19,2,Grasp,0.022655431434070842
E,19,2,Rotate,0.03033874232597056
E,19,2,Stop,0.02654863653406207
E,20,1,Grasp,0.04080990345250113
E,20,1,Rotate,0.06094198656219473
E,20,1,Stop,0.05377274818875319
E,20,2,Grasp,0.022888558958053907
E,20,2,Rotate,0.025399513195079958
E,20,2,Stop,0.02365004562090294
E,21,1,Grasp,0.058663000445273415
E,21,1,Rotate,0.10131702826311183
E,21,1,Stop,0.09163849015985932
E,21,2,Grasp,0.037875018533805406
E,21,2,Rotate,0.03509523266615479
E,21,2,Stop,0.022699520746186072
E,22,1,Grasp,0.06064079978811585
E,22,1,Rotate,0.060921090416473055
E,22,1,Stop,0.10442401892772007
E,22,2,Grasp,0.04762129697839481
E,22,2,Rotate,0.03157622904416238
E,22,2,Stop,0.03257749273458136
E,23,1,Grasp,0.0643595961666639
E,23,1,Rotate,0.051633945477793534
E,23,1,Stop,0.10099863107493967
E,23,2,Grasp,0.03726108069694735
E,23,2,Rotate,0.028428933861070524
E,23,2,Stop,0.021014933729475476
E,24,1,Grasp,0.057801917686129606
E,24,1,Rotate,0.03774416431266179
E,24,1,Stop,0.07078248783625442
E,24,2,Grasp,0.028996053006075422
E,24,2,Rotate,0.023280429239281784
E,24,2,Stop,0.016458716520876424
E,25,1,Grasp,0.11252672990064491
E,25,1,Rotate,0.05557283649636651
E,25,1,Stop,0.06417208503462034
E,25,2,Grasp,0.037226766569902967
E,25,2,Rotate,0.0408904217915984
E,25,2,Stop,0.030895807163259733
E,26,1,Grasp,0.052402510427306925
E,26,1,Rotate,0.05843453044642015
E,26,1,Stop,0.0471190688905057
E,26,2,Grasp,0.05267758362572988
E,26,2,Rotate,0.02991768825981777
E,26,2,Stop,0.017284543470388963
E,27,1,Grasp,0.10584312971444561
E,27,1,Rotate,0.04494131984290354
E,27,1,Stop,0.055338064312722784
E,27,2,Grasp,0.03268889065049504
E,27,2,Rotate,0.026853326599010647
E,27,2,Stop,0.027274217705020056
E,28,1,Grasp,0.08513447606794784
E,28,1,Rotate,0.05095088435464882
E,28,1,Stop,0.07599621980683033
E,28,2,Grasp,0.035799416841284605
E,28,2,Rotate,0.031088959175830027
E,28,2,Stop,0.023611344914252968
E,29,1,Grasp,0.05938472978274638
E,29,1,Rotate,0.04229504891327666
E,29,1,Stop,0.04185500393890027
E,29,2,Grasp,0.027503956741504194
E,29,2,Rotate,0.027208984238209458
E,29,2,Stop,0.017964400355468844
E,30,1,Grasp,0.0389527638842875
E,30,1,Rotate,0.05167182049398583
E,30,1,Stop,0.050608118632987
E,30,2,Grasp,0.025727475659970096
E,30,2,Rotate,0.032929025251826394
E,30,2,Stop,0.023611622650997227
E,31,1,Grasp,0.058449823211147486
E,31,1,Rotate,0.04465028814947323
E,31,1,Stop,0.06813409884927336
E,31,2,Grasp,0.030373841291234834
E,31,2,Rotate,0.027641543487304656
E,31,2,Stop,0.02315561966381603
E,32,1,Grasp,0.10820052640151895
E,32,1,Rotate,0.04424591938089677
E,32,1,Stop,0.09745847875426564
E,32,2,Grasp,0.03302484562106
E,32,2,Rotate,0.028100457658620643
E,32,2,Stop,0.024498231892694032
E,33,1,Grasp,0.05965067988974445
E,33,1,Rotate,0.04295323020629294
E,33,1,Stop,0.0717078497302782
E,33,2,Grasp,0.026756192441706562
E,33,2,Rotate,0.02464924298131766
E,33,2,Stop,0.019673505445664895
E,34,1,Grasp,0.09180245018715322
E,34,1,Rotate,0.0818180503087333
E,34,1,Stop,0.19387028040871576
E,34,2,Grasp,0.04151442737278632
E,34,2,Rotate,0.029712362128910687
E,34,2,Stop,0.024051999671533722
E,35,1,Grasp,0.056990273592255586
E,35,1,Rotate,0.048627778717433845
E,35,1,Stop,0.06047818243576033
E,35,2,Grasp,0.03251557238023509
E,35,2,Rotate,0.025768852802338236
E,35,2,Stop,0.022113339269233857
E,36,1,Grasp,0.0693917144574313
E,36,1,Rotate,0.04846649174869945
E,36,1,Stop,0.09067535563151383
E,36,2,Grasp,0.03286770742934378
E,36,2,Rotate,0.0295618992691569
E,36,2,Stop,0.021852021756392895
E,37,1,Grasp,0.0742364994195269
E,37,1,Rotate,0.07530904294456496
E,37,1,Stop,0.03697657161980788
E,37,2,Grasp,0.027980825282802387
E,37,2,Rotate,0.027941083397779058
E,37,2,Stop,0.02493398783078213
E,38,1,Grasp,0.05450593494334441
E,38,1,Rotate,0.041746082857577305
E,38,1,Stop,0.04245497619811173
E,38,2,Grasp,0.024788232171945472
E,38,2,Rotate,0.025865026249144545
E,38,2,Stop,0.01936701540211317
E,39,1,Grasp,0.057299902256914136
E,39,1,Rotate,0.06853409399968603
E,39,1,Stop,0.058280243398069094
E,39,2,Grasp,0.030357645663975905
E,39,2,Rotate,0.026157945637020525
E,39,2,Stop,0.021133128306619835
E,40,1,Grasp,0.053301890886484134
E,40,1,Rotate,0.04159016013473198
E,40,1,Stop,0.040867742850904346
E,40,2,Grasp,0.029259900874314924
E,40,2,Rotate,0.029643997943234943
E,40,2,Stop,0.014834540321016429
E,41,1,Grasp,0.04360499238616722
E,41,1,Rotate,0.03655494607955612
E,41,1,Stop,0.06769703319500613
E,41,2,Grasp,0.021686927427747697
E,41,2,Rotate,0.023270987462004372
E,41,2,Stop,0.019040993065666065
E,42,1,Grasp,0.0921107617306524
E,42,1,Rotate,0.0514444235739215
E,42,1,Stop,0.03375380860119651
E,42,2,Grasp,0.028752731023512376
E,42,2,Rotate,0.029274600474361544
E,42,2,Stop,0.024118741783836082
E,43,1,Grasp,0.08173030051557881
E,43,1,Rotate,0.042779838218970564
E,43,1,Stop,0.023423782454258087
E,43,2,Grasp,0.026372438603770598
E,43,2,Rotate,0.02044223839666133
E,43,2,Stop,0.01761992179840494
E,44,1,Grasp,0.07015494772540849
E,44,1,Rotate,0.05013865461708473
E,44,1,Stop,0.03098810028826567
E,44,2,Grasp,0.036777307808572794
E,44,2,Rotate,0.03491664939609951
E,44,2,Stop,0.028628773410694797
E,45,1,Grasp,0.04104861831359683
E,45,1,Rotate,0.04157214467802907
E,45,1,Stop,0.030798940544350204
E,45,2,Grasp,0.02717254444920671
E,45,2,Rotate,0.03141927955319964
E,45,2,Stop,0.01814612393978459
E,46,1,Grasp,0.07934062185009305
E,46,1,Rotate,0.0582987996529728
E,46,1,Stop,0.04326735947637769
E,46,2,Grasp,0.033305503934392265
E,46,2,Rotate,0.028519932169559815
E,46,2,Stop,0.017651226094799737
E,47,1,Grasp,0.04167780944764024
E,47,1,Rotate,0.03719380387784824
E,47,1,Stop,0.06035545103187
E,47,2,Grasp,0.02650625673792663
E,47,2,Rotate,0.023274221255832644
E,47,2,Stop,0.019785936242081
E,48,1,Grasp,0.04258986390963217
E,48,1,Rotate,0.03849451610537228
E,48,1,Stop,0.03606613695635956
E,48,2,Grasp,0.02706745646597577
E,48,2,Rotate,0.02506727039487666
E,48,2,Stop,0.018023947899130654
E,49,1,Grasp,0.043797284249618346
E,49,1,Rotate,0.030522747724491466
E,49,1,Stop,0.056526331041704916
E,49,2,Grasp,0.03271348609453656
E,49,2,Rotate,0.02199655758502772
E,49,2,Stop,0.019176639658958664
E,50,1,Grasp,0.05450593494334441
E,50,1,Rotate,0.041746082857577305
E,50,1,Stop,0.04245497619811173
E,50,2,Grasp,0.024788232171945472
E,50,2,Rotate,0.025865026249144545
E,50,2,Stop,0.01936701540211317
