Comp Ch 3,Comp Ch 4
0.0534929,-0.0294901
0.0926666,-0.0253271
0.1011,-0.0190368
0.0756776,-0.0156396
0.0552168,-0.0106992
0.0738384,-0.0068966
0.131069,-0.017923
0.149918,-0.0258446
0.06573,-0.0172398
-0.00998505,-0.00827167
-0.042356,0.00378323
-0.0496753,0.0192862
-0.00116557,0.0286564
0.0416268,0.021422
0.034285,0.0112567
0.000623157,0.00223705
-0.0302513,-0.00706056
-0.0586325,-0.00351599
-0.0164286,0.00573936
0.0501496,-0.00293145
0.0635068,-0.00225633
0.042781,0.00651745
0.0264382,-0.000350394
-0.0320923,-0.0118288
-0.0958327,-0.00908265
-0.0188569,-0.0020417
0.0618421,-0.0165301
0.04662,-0.0252836
-0.0589709,0.000381628
-0.121411,0.0207828
-0.0915785,0.0146643
-0.0381075,0.0018901
-0.0470856,-0.0176238
-0.0438231,-0.0255684
0.0365372,-0.0167897
0.194731,-0.0131734
0.241689,-0.0121806
0.173127,-0.00527886
-0.0318242,0.00313167
-0.245101,0.00511525
-0.103368,-0.00515197
0.147021,-0.0324077
0.151103,-0.0244064
0.00960968,0.0263442
-0.045143,0.034335
-0.0205944,0.0306542
-0.0345043,0.0337285
-0.112057,0.0251077
-0.0670113,0.00348201
0.0535814,-0.0231324
0.0625628,-0.0290438
-0.0436015,-0.00883158
-0.138555,0.00812311
-0.158199,0.00788763
-0.0285976,0.00873516
0.011742,0.00845439
-0.0857128,-0.00974522
-0.172202,-0.015324
-0.154182,0.00432411
-0.0020364,0.00915357
0.0523786,0.00929468
0.062633,0.0188002
0.0735763,0.0362683
0.046295,0.0380994
0.00933285,0.0293833
0.048261,0.00486916
0.20211,-0.0235216
0.273938,-0.0274802
0.132501,-0.0367486
-0.0528345,-0.0168518
-0.158912,-0.00431165
-0.270467,-0.00683984
-0.189701,-0.0139824
0.0109178,-0.0212334
0.0679163,-0.0193438
0.0560093,0.00264024
0.0949002,0.0270776
0.100222,0.0379068
0.0491888,0.0404325
-0.0332664,0.0417402
-0.123595,0.0303449
-0.140005,0.0185894
0.073816,-0.00231698
0.364989,-0.0311848
0.462554,-0.0392032
0.384265,-0.0363748
-0.0385666,-0.0306167
-0.339766,-0.0113864
-0.341956,0.00163831
-0.39674,-0.00120828
-0.309975,0.0030218
-0.103335,0.0105438
0.0075988,0.008328
0.0801018,0.00410219
0.203165,0.0104546
0.228744,0.0146249
0.138714,0.0273434
0.0306966,0.029829
-0.0578854,0.0126552
-0.131734,-0.0157948
0.0417531,-0.0349995
0.241207,-0.0282539
0.071463,-0.0328912
-0.159799,-0.0302042
-0.34736,0.005247
-0.35574,0.0301753
-0.093464,-0.000908948
0.229183,-0.0469098
0.407648,-0.0186772
0.477904,0.0174621
0.358865,0.0182712
-0.0187775,0.0256941
-0.429635,0.0255144
-0.539174,0.0474034
-0.395852,0.0315402
-0.0998756,-0.0240499
0.0488688,-0.0342318
0.0923885,-0.0273773
0.100367,-0.00532404
0.110154,-0.00585655
0.212494,-0.0500035
0.24708,-0.0244814
0.195565,-0.00754972
0.153237,-0.00386364
0.202179,0.00999242
0.373226,0.00636552
0.0343519,0.00991148
-0.486507,0.0317549
-0.531,0.0406527
-0.673508,0.0433414
-0.586277,0.0449735
-0.112824,0.0208412
0.340722,-0.0170303
0.721672,-0.0386099
0.9427,-0.0228078
0.860967,-0.0147501
0.0925337,-0.0214786
-0.889353,-0.00415764
-1.09411,0.0157702
-0.606238,0.000264602
-0.180918,0.0384919
-0.0349033,0.00611163
0.0269281,-0.0397958
0.105684,-0.0325477
0.248459,0.0208406
0.331772,0.0356722
0.144569,-0.0240841
-0.0935486,-0.0294639
-0.107912,-0.00535312
-0.0148122,-0.00136016
0.109204,-0.0483778
0.120424,-0.0324707
-0.0410001,0.0445975
-0.099921,0.0316667
0.0233905,-0.000443444
0.0873091,-0.00323243
0.210822,-0.0133852
0.453834,-0.03999
0.522106,-0.014182
0.340223,0.00260285
-0.0706405,0.0214735
-0.40778,0.0360009
-0.47081,0.0332764
-0.248582,0.0267184
-0.0915255,0.0102803
-0.0991486,-0.00933162
0.0128349,-0.00380201
0.214919,0.0109886
0.332524,0.0058469
0.262731,0.00176557
-0.0632884,-0.00198644
-0.186466,-0.00384436
-0.00534312,-0.00215833
-0.0619117,-0.0217926
-0.208609,-0.0297567
-0.339174,-0.00651287
-0.292422,0.016005
-0.198617,0.0233492
-0.0148501,0.0226176
0.0306311,0.0204495
0.0730721,0.0171076
0.217372,0.0222174
0.100813,0.00454331
-0.119824,-0.024459
-0.329972,-0.0180815
-0.343015,-0.00440166
0.00134774,0.000555801
0.392706,-0.00162876
0.650618,-0.0142669
0.675551,-0.0199014
0.406376,-0.009736
0.0838971,-0.00441568
-0.157113,-0.00833639
-0.43818,-0.00376907
-0.530959,-0.00885417
-0.322062,-0.0205005
-0.116288,-0.00777485
0.555835,0.0334127
0.970876,0.0195239
0.603414,-0.0320014
-0.282458,-0.0359895
-1.13291,-0.0109093
-1.11227,0.00416118
-0.328723,-0.000425733
0.235548,-0.00182778
0.532992,-0.00256065
0.443578,0.00277952
0.128907,0.00949309
-0.143062,-0.000522145
-0.298216,-0.011428
-0.0937436,0.0271891
0.0756732,0.0335092
-0.107738,0.0185521
-0.361762,0.027341
-0.330767,0.0197161
-0.177089,0.0135291
0.0119572,-0.0141287
0.181197,-0.0208851
0.65433,-0.0306501
1.27743,-0.0359063
1.07317,-0.00990391
0.187585,0.0105599
-0.838418,0.0218568
-1.20396,-0.0290837
-0.692855,-0.0422363
0.00641456,-0.00467023
0.194729,-0.00330138
0.160425,0.00403075
0.00596318,0.0308621
-0.072706,0.0439838
-0.125751,0.0412904
-0.0974701,0.0155533
-0.0112634,-0.0335862
0.0625946,-0.0349292
0.110094,-0.0386134
0.131757,-0.0105559
0.247691,0.000852461
0.289023,-0.0216737
-0.152013,-0.0299928
-0.385906,0.0323483
-0.253547,0.0429511
-0.158613,0.0340891
0.0655479,0.0234404
0.250636,0.0168805
0.371272,0.0243415
0.340236,0.0218329
0.0333256,0.0262697
-0.19877,0.0245565
-0.178173,0.00506224
0.0636996,-0.0165633
0.172118,-0.020178
-0.0272749,-0.00212371
-0.267108,0.0128156
-0.29958,0.00110306
0.240831,-0.00728608
0.804906,-0.00119957
0.788486,-0.011233
-0.0380635,-0.0234269
-0.872307,-0.010151
-0.897951,-0.00126576
-0.542127,-0.0217519
0.0475755,0.0101145
0.523357,0.00756313
0.686385,-0.0170086
0.410982,-0.0157143
-0.122988,-0.010154
-0.30656,-0.00974291
-0.212522,-0.0166508
-0.0731391,-0.017108
-0.120988,-0.00987352
-0.266293,-0.000195918
-0.297951,0.000699429
-0.421735,0.0239265
-0.278004,0.0300288
0.0575601,0.0131628
0.228616,-0.00522203
0.116,-0.028795
0.0937632,0.0142921
0.24574,0.0111053
0.251821,-0.0149677
0.147266,0.0182948
-0.0142887,0.0169225
-0.137632,-0.00616759
0.00708804,-0.0178728
0.349645,-0.0169398
0.464907,-0.0176863
0.224679,-0.0242318
-0.272596,-0.0175768
-0.381315,-0.0126276
0.270562,-0.0248924
0.647065,-0.0406712
0.297831,-0.0106474
-0.241807,0.0176809
-0.50694,0.0267798
-0.491165,0.0488909
-0.176845,0.0552479
0.0912119,0.0355319
0.081718,0.0326665
-0.165747,0.0410653
-0.197017,0.0138743
-0.0591694,-0.0313803
-0.014053,-0.0451885
-0.147403,-0.0385462
-0.315157,-0.00888318
-0.0880419,0.00802183
0.215505,0.00286169
0.247037,0.00127288
0.100467,0.00404281
0.217019,-0.0132359
0.486195,-0.0194624
0.282205,0.00730672
0.0192462,0.0222333
-0.129091,0.00923909
-0.0752529,-0.0126267
-0.0845623,-0.00630133
-0.31224,0.00532237
-0.391889,0.016389
-0.201906,-0.00410587
-0.0697708,-0.0272223
-0.18336,-0.0101114
0.00745095,0.0117882
0.213805,0.0116641
0.165954,0.00893658
0.0239338,-0.0155859
-0.162253,-0.0208207
0.00118362,0.00735793
0.286133,0.0146137
0.262649,0.0184247
0.0964967,0.0199526
-0.104617,0.0122126
-0.149207,-0.00158989
-0.0992182,-0.00450718
-0.0528655,-0.00420697
-0.0209198,0.000179606
0.0700613,-0.000361158
0.296476,-0.00828795
0.527156,-0.011955
0.461216,-0.00352186
0.145473,-0.00597852
-0.408083,-0.00694877
-0.575849,-0.000267508
-0.245051,0.00418118
0.0885613,0.00540445
0.141537,0.0104055
0.154398,0.0221285
0.233459,0.0158808
0.121871,-0.0111624
0.0605098,-0.022006
-0.210556,-0.0207119
-0.436512,0.00432514
-0.349923,0.0272941
-0.168223,0.0159959
-0.24612,-0.0207666
-0.384043,-0.0192668
-0.205537,-0.00293573
0.0154094,0.000506594
0.0826155,-0.0101271
0.0921504,-0.00623363
0.248789,-0.000851118
0.485685,-0.00893962
0.610346,-0.00429513
0.551135,0.0132175
0.0902757,0.0183089
-0.185039,0.00258219
-0.18304,-0.02019
-0.0738705,-0.0344011
0.110986,-0.0303541
-0.0647027,-0.00516722
-0.440184,0.0157652
-0.478824,0.000206788
-0.239099,0.0156208
-0.0777042,0.0409068
-0.0139599,0.0127034
0.0375217,-0.010183
0.123127,0.00279456
0.118301,0.0120703
0.0532272,0.00154404
0.0270733,-0.00347135
0.0510096,-0.00376942
0.184293,-0.00636615
0.184514,-8.97e-05
0.0692111,0.00154187
-0.0386608,-0.0231093
-0.155085,-0.0132467
-0.066882,0.022238
0.0659706,0.0135525
0.204804,0.00653658
0.267281,0.00676659
0.0924072,0.00385096
-0.210454,-0.0204776
-0.355851,-0.00153458
-0.099388,0.00456963
0.0037678,-0.00304036
-0.147015,-0.00612841
-0.0644426,0.0114719
0.178603,-0.0188499
0.262195,-0.0222364
0.16183,0.029822
-0.0648579,0.0284397
-0.130047,0.00781394
0.125951,0.00225815
0.3741,0.0182009
0.48023,0.0224042
0.309332,0.0181745
-0.069818,-0.011457
-0.214028,-0.0402277
-0.397455,-0.0197012
-0.561351,0.00629107
-0.503409,0.00313869
-0.358621,-0.00143036
-0.0942954,0.004657
0.0765063,0.0168669
0.0373843,0.00719185
-0.0230298,0.00405858
-0.0614195,0.00972268
-0.10063,-0.00491067
-0.0877009,-0.00925407
0.0395156,0.00194724
0.166841,-0.00163062
0.234294,-0.011079
0.353027,-0.00802836
0.28927,0.00517617
0.145893,0.00497912
0.0603134,-0.0283727
-0.0100149,-0.0640411
0.0542939,-0.0034762
0.368149,0.0413005
0.419997,0.0166666
0.18883,-0.0203951
-0.210019,-0.00228382
-0.617759,0.00875059
-0.371557,0.000564748
-0.315306,-0.0264225
-0.328178,-0.0220345
-0.108854,-0.00172469
0.022443,0.00953849
0.135556,0.00687654
0.191143,0.00305784
0.158194,0.00955644
0.201078,0.00853173
0.155944,0.00553451
0.0145733,0.00249947
-0.160401,0.00103093
-0.367351,0.0065107
-0.243371,0.0140644
-0.0373638,0.0167895
0.114171,-0.000163848
0.314066,0.000450025
0.374935,-0.0110583
0.174676,-0.0257566
-0.180563,-0.0190293
-0.173138,-0.00647125
-0.0184561,-0.00626748
0.0358891,0.0127641
0.115154,0.0127893
0.153525,-0.00851962
0.207435,-0.0102924
-0.157365,0.00373991
-0.325395,-0.0111749
-0.200066,-0.0120589
-0.0287085,0.000798635
0.154401,0.0152171
0.0956953,0.0158337
-0.136173,0.0147718
-0.226254,0.0182961
-0.10967,0.0117169
-0.0340732,0.0140521
-0.0566729,0.00730911
-0.0640173,-0.00429541
-0.0447207,-0.0102762
0.077013,0.00680336
0.153677,0.0136456
0.155164,-0.00683087
0.0955809,-0.00918425
0.017617,0.0141243
-0.0226102,0.0213257
0.0449756,0.0151204
0.227365,0.00414303
0.297926,0.00283305
0.107151,0.00106301
-0.197401,0.000334266
-0.176978,-0.00601143
-0.0758142,-0.0104661
-0.0759104,-0.00478109
-0.0828979,-0.00920211
0.00261828,-0.00344614
-0.0477701,0.00481378
-0.194926,-0.016503
-0.235997,-0.0175367
-0.161766,-0.0236478
0.0267385,-0.0139739
0.204833,-0.0167893
0.337735,-0.0121209
0.336888,-0.00650394
0.194939,-0.0158848
0.175825,-0.00351575
0.189057,0.0228721
0.111474,0.0414764
0.143133,0.0338085
0.0960193,0.012909
0.0834763,0.00114274
-0.178436,-0.0309657
-0.423395,-0.0309703
-0.429176,-0.0255079
-0.355394,-0.0092588
-0.107433,0.00914319
-0.185177,0.0100176
-0.336342,0.0140942
-0.285237,0.012923
-0.0568769,-0.00823999
0.0851812,-0.0199358
0.125164,-0.0111862
0.432096,-0.00371698
0.650452,-0.00371269
0.415935,-0.000371095
-0.128199,-0.0201219
-0.531032,-0.00648051
-0.33015,0.0242198
0.0276577,0.0153127
0.220732,0.00132891
0.17832,0.00386954
-0.148255,0.00570204
-0.0834967,-0.00849281
0.0737986,-0.0175581
0.0567957,-0.00451277
0.224696,-0.00125925
0.203473,-0.0107593
-0.131814,0.00653579
-0.431847,0.0225659
-0.233304,0.0164028
0.208147,0.00809586
0.378483,-0.000673273
0.207648,-0.00101574
-0.0725758,0.00344791
-0.0788954,0.00768796
0.11184,0.0105157
0.0681531,0.0259022
-0.156252,0.0489652
-0.206409,0.0318917
-0.134031,0.00675537
-0.0541737,-0.0118791
-0.165164,-0.0116171
-0.178178,-0.0122074
-0.0987883,-0.0128725
0.00519506,-0.00926116
0.0810324,-0.0103441
0.118121,-0.0161647
0.170331,-0.00943527
0.154364,-0.017834
0.0669837,-0.0272431
-0.0659719,-0.00708964
0.0170489,0.00282721
0.450164,0.005732
0.842794,-0.00159962
0.800126,-0.00651198
0.223978,-0.00260143
-0.689108,0.00912988
-1.09073,0.00755029
-0.758215,-0.00413233
-0.386529,0.00730064
-0.134641,0.00787202
-0.00630532,0.00191302
0.0426141,0.00551568
0.0600698,0.0170793
0.142896,0.00899384
0.206388,-0.00932274
0.256696,-0.0054622
0.191007,0.00541549
-0.0735526,0.0170369
-0.128783,0.0240714
-0.203195,0.0126013
-0.155277,-0.00282306
0.146205,-0.00395187
0.348861,0.00428579
0.315686,0.00679255
-0.0196722,-0.00884193
-0.180225,-0.0209056
-0.06916,-0.0146425
0.105808,-0.00886176
0.321382,-0.00920561
0.261339,-0.0101564
-0.145463,-0.0113413
-0.414042,-0.00894112
-0.425466,-0.00388327
-0.293956,0.0204532
-0.151853,0.0258778
-0.0635323,0.0101199
0.0249138,-0.00982542
0.0889437,-0.00777482
0.16474,-0.011528
0.23925,-0.0287945
0.209632,-0.0227385
0.146998,-0.00333367
0.0701444,0.00863764
-0.00835407,0.0151542
-0.024152,0.0166335
0.0565243,0.00421678
0.202771,-0.00893295
0.17444,-0.0198775
-0.0130466,-0.0179941
-0.218748,0.00415964
-0.260169,0.0133873
-0.181814,0.00948103
-0.223064,-0.00489512
-0.154187,-0.00550077
0.0043906,0.000928557
0.0850432,-0.024044
0.133331,-0.0436885
0.12932,-0.00937784
0.0880179,0.0215365
0.0887727,0.0244958
0.0958871,0.016158
0.29015,-9.23e-05
0.411859,-0.00129689
0.179646,0.0113484
-0.251199,0.0103798
-0.593862,0.0113149
-0.539897,0.0118152
-0.198559,-0.00996859
0.240514,-0.0228335
0.49879,-0.000877117
0.440015,0.0167916
0.0723135,0.0151189
-0.521896,0.00683721
-0.550049,0.00465697
-0.319526,0.0136073
-0.0939074,0.019193
0.0548778,0.0113682
0.0525371,0.00830789
0.0346551,0.00769644
0.0132758,0.0044569
0.157548,0.000867759
0.365957,-0.0145306
0.481906,-0.024438
0.454742,-0.0122257
0.0681251,-0.0103253
-0.284515,-0.00716229
-0.397811,-0.0070898
-0.404632,-0.00333921
-0.255154,0.00394976
0.00496159,0.000250125
0.217262,0.00118513
0.152639,0.00554151
-0.0122043,0.0127478
-0.0483903,0.013802
-0.0560694,0.0170293
-0.0893571,0.0123483
-0.101351,-0.00105961
0.0200148,-0.0130364
0.192722,-0.0219727
0.242621,-0.0384081
0.00989188,-0.0209658
-0.283416,0.00135672
-0.318623,0.00969215
-0.00390099,0.0199427
0.244757,0.0213111
0.19345,0.00936667
0.118167,-0.0108489
0.0505463,-0.00108554
0.0352677,0.0100368
0.0747192,0.0100561
0.0105616,0.00816677
0.095137,-0.00395737
0.323599,-0.0166753
0.258948,-0.00294829
-0.0321679,-0.0074143
-0.460164,-0.0126809
-0.532392,-0.0179113
-0.342902,0.0279002
-0.155115,0.0279625
0.0208739,0.0198105
0.181294,0.0162573
0.166552,-0.00594073
-0.016589,-0.00521734
0.0287123,-0.0354631
0.123004,-0.0550434
0.320916,-0.0235352
0.502147,0.0103382
0.380988,0.0071638
-0.153378,-0.000609357
-0.650342,0.00507641
-0.412144,0.00381181
-0.131696,-0.000368433
-0.0455453,-0.00954404
0.054026,-0.00700692
0.165318,0.00388691
0.0925821,0.00600347
-0.202386,0.00544683
-0.230545,0.0152354
0.0201986,0.0152967
0.235777,0.012389
0.187733,0.0018087
-0.0772603,0.00222455
-0.241731,0.00716887
-0.124993,0.0105094
0.00841537,0.00749093
0.1099,0.00168646
0.16821,-0.00476041
0.220762,-0.024013
0.0841384,-0.0519683
-0.00390421,-0.0136094
-0.05778,0.0314422
-0.172885,0.0238323
-0.143494,-0.00272244
-0.062293,-0.0134026
0.00665492,0.026735
0.0623267,0.0322727
0.124388,-0.0181547
0.153484,-0.0830234
0.0983782,-0.0342664
-0.0399684,0.0268702
-0.0572892,0.0382296
0.000780532,0.0246539
-0.0917011,0.0233188
-0.162547,0.0148236
0.00755324,-0.01365
0.236021,-0.0321042
0.352173,-0.0288685
0.301414,-0.0110818
0.176758,0.00393994
0.00601076,0.00979989
-0.249995,0.00280764
-0.32081,-0.00306892
-0.152119,0.00164237
-0.0935134,0.0152509
-0.142214,0.0153438
-0.0479291,0.0041586
-0.03503,-0.00883156
-0.0867417,-0.0152434
-0.160822,-0.00264947
-0.361476,0.0199944
-0.227401,-0.0560795
-0.0585704,-0.0543844
0.0580115,0.0111191
0.295703,0.00453817
0.692341,0.01567
0.889856,0.0406424
0.593469,0.033839
-0.00380057,0.0213769
-0.397696,0.0150583
-0.510323,0.0170134
-0.569234,0.0198788
-0.388134,0.0099839
-0.0820185,-0.00715082
0.0795004,-0.00303695
0.125297,-0.0239363
0.0692717,-0.0383408
-0.13883,0.00185414
-0.297097,0.00267846
-0.201124,0.0065837
-0.0507943,0.0242913
0.0404492,0.00215066
0.0315349,0.00621599
0.0565916,0.00710978
0.200445,0.00549955
0.312588,0.0135556
0.188789,-0.0213437
0.0985352,-0.0328843
0.137014,-0.0178024
0.134565,-0.0105315
0.114213,-0.0135816
-0.0332158,-0.00618707
-0.140547,0.00542919
-0.0938427,0.00264031
0.000922662,-0.00906458
0.0679007,0.00643697
0.0790699,0.0232914
-0.0235606,0.0203009
-0.208439,0.0192837
-0.288238,0.0195075
-0.169249,0.004409
0.0779391,0.0109487
0.297102,0.0263096
0.288554,0.00617669
0.153178,-0.0847227
0.158676,-0.172111
0.0565584,-0.0588784
-0.130139,0.080672
-0.211066,0.073345
-0.127681,0.0487288
0.0319589,0.0286778
-0.0376854,-0.0242067
-0.274854,0.00431929
-0.276631,0.0171044
-0.0829026,-0.00310321
0.19278,-0.028231
0.27538,0.0094835
0.117397,0.0394891
-0.0622448,0.0260048
-0.287908,-0.0241987
-0.180429,-0.0289572
-0.0247789,-0.0170034
-0.0884478,-0.00553414
0.0194621,0.0072675
0.0813617,0.00693502
0.191307,0.0130247
0.444354,0.0215304
0.582715,0.0266432
0.42283,-0.00758896
-0.0987716,-0.0492872
-0.435073,-0.025485
-0.574622,-0.0202823
-0.565061,-0.0419736
-0.316777,-0.0717278
-0.0535143,0.0115905
0.119884,0.0362913
0.116818,-0.00188263
0.0482261,0.00729723
0.0379955,0.0577773
0.141402,0.0566717
0.246455,0.0120359
0.252432,-0.042158
0.127095,-0.0291654
-0.182173,0.0294277
-0.220487,-0.02122
-0.0284077,-0.064332
-0.0186193,-7.11e-05
-0.0339825,0.0420291
0.0934956,0.0571281
0.180763,0.0295855
0.166357,0.0156417
0.0620013,-0.00280341
-0.088009,0.000879789
-0.145883,0.0155105
-0.165216,0.0119008
-0.156262,0.0340083
-0.0644387,0.0404734
0.0293608,0.0179552
0.13637,0.0161003
0.196147,0.000548661
0.137632,-0.0232011
0.0100103,-0.0564784
-0.121665,-0.0607446
-0.105066,-0.0290284
-0.022017,-0.0826368
-0.0141707,-0.102966
0.0451551,-0.0482671
0.151033,0.0459723
0.122756,0.0563627
0.0936464,0.0183151
0.0336061,-0.0181027
-0.116889,0.00873965
-0.188918,0.0373714
-0.238656,0.038661
-0.166567,0.0377583
-0.00731735,0.007765
0.0484965,0.0115282
0.0594008,0.0434068
0.051209,0.0192975
0.0813192,-0.00880418
0.0548103,0.0127229
0.0182824,0.00219975
0.166639,-0.00462904
0.187257,0.0147187
0.193658,0.0058778
0.186793,-0.0448805
0.053782,-0.04865
-0.222568,0.00416281
-0.446778,0.0072876
-0.405293,-0.0200261
-0.196528,-0.0726656
-0.0335787,-0.0747868
-0.0187521,0.0396388
0.0513049,0.0587805
0.121261,0.0164974
-0.00161057,-0.0126767
-0.112683,-0.00922577
0.0283906,0.0437562
0.179832,0.0647296
0.144019,0.0403752
0.00419123,0.0102275
-0.0943821,-0.00519632
0.174748,0.000942087
0.48457,0.0145298
0.414791,-0.000928204
-0.0781012,-0.0244658
-0.39964,-0.0212934
-0.183857,-0.0103147
-0.0867823,-0.0472291
-0.152608,-0.0104251
-0.125801,0.0465653
0.0391078,0.01038
0.300236,-0.0809198
0.459122,-0.172729
0.13138,-0.0671598
-0.241001,0.0851707
-0.341214,0.103259
-0.22006,0.0742676
-0.0966848,0.0469805
0.0902674,-0.00628853
0.0571565,-0.0325527
-0.0589348,-0.0737672
-0.140954,-0.0461401
-0.237702,0.0250905
-0.124857,0.0261099
0.0493122,0.0300647
0.221955,0.0410094
0.269427,0.0199826
0.181517,0.0057955
0.175854,-0.00139803
0.161004,-0.00877423
-0.0346584,0.00709421
-0.227156,-0.00587684
-0.42252,-0.0298356
-0.394045,-0.0208293
-0.153884,0.0109628
0.0936576,0.0240293
0.255208,0.000673149
0.248013,-0.0368726
0.127304,-0.0180875
0.000815058,-0.0152739
-0.11934,0.00105292
-0.0752909,-0.0238823
-0.00981308,0.0110304
0.060096,0.0080804
0.118524,-0.0256047
0.151909,0.0394016
0.208069,0.0613013
0.14286,0.0266421
-0.0468582,-0.00183015
-0.0157042,-0.012873
-0.123531,-0.0106926
-0.179349,-0.00974741
-0.164333,0.0340042
-0.0665432,0.0177828
0.0886544,-0.0425957
0.0857741,-0.0168032
0.207558,0.0115209
0.20148,0.0108151
0.0493058,0.0177048
-0.259011,0.0236398
-0.345784,0.0265299
-0.106356,0.00524539
-0.177829,-0.062433
-0.279289,-0.0495609
-0.12321,0.00819412
0.186297,0.0250234
0.320588,-0.0198673
0.177135,-0.0403175
0.174326,-0.00683543
0.282735,0.0151987
0.263908,-0.0219812
-0.0488478,-0.0682771
-0.201552,-0.0442278
0.28185,-0.00596202
0.467212,0.0336674
-0.0214111,0.0298895
-0.491831,0.0635337
-0.643441,0.0591339
-0.743585,0.034076
-0.4236,-0.00841445
-0.135161,-0.0539408
0.0923311,0.00500896
0.436758,0.0396064
0.656301,0.0417875
0.540929,0.0902535
-0.0179847,0.0440189
-0.394618,0.00407718
-0.183663,-0.0147352
0.183439,-0.0597467
0.162008,0.00715005
-0.00513965,0.0686133
-0.1038,0.0395173
0.0309747,0.0187182
0.282625,-0.00929399
0.259083,-0.0678347
-0.104924,-0.077924
-0.267096,-0.0619676
-0.130313,-0.0122982
-0.12189,0.0149284
-0.0566384,0.00587599
-0.0337174,-0.0237122
-0.047395,-0.0324385
0.0777018,-0.0400676
0.174725,-0.023671
-0.0123797,0.0174146
-0.348409,0.0242477
-0.417608,0.0141759
-0.187199,0.0190052
-0.00331347,0.025367
0.0803848,0.033461
0.243637,0.056839
0.618543,0.0239231
0.812666,-0.0506632
0.616894,-0.110487
-0.138624,-0.127365
-0.763439,-0.140344
-0.445776,-0.0587907
-0.0116476,0.0230224
0.155267,0.0306292
0.105086,0.00857535
-0.0199824,-0.0132664
-0.0294401,0.00726237
-0.0828574,0.00738281
-0.197066,0.0399371
-0.290032,0.0945825
-0.303833,0.0347637
-0.134918,-0.0080083
-0.101495,0.0117021
-0.175928,0.0209377
-0.114838,-0.00816493
0.172724,-0.00618997
0.395498,0.0378168
0.374731,0.0130954
0.20306,-0.0355379
0.0382547,-0.0275506
-0.0355397,0.0225968
0.128097,0.0212163
0.040686,0.0535344
0.0905921,0.0773018
0.426269,0.0668054
0.448685,-0.0141045
0.203103,-0.102631
-0.137649,-0.0998623
-0.321518,-0.0362735
-0.244434,-0.0261088
-0.314987,0.0229479
-0.430779,0.0834554
-0.377015,0.0804814
-0.290019,0.0378276
-0.178871,-0.0238751
-0.170935,-0.0462037
-0.180268,-0.0446783
-0.0218611,0.00166507
0.164025,0.034058
0.176035,0.0627924
0.104527,0.0705261
0.123225,0.0525871
0.195457,0.0740569
0.207423,0.058929
0.132191,0.00334437
0.322063,-0.0193774
0.468286,-0.036807
0.3558,-0.0779963
0.126733,-0.115735
-0.160353,-0.0820518
0.157087,-0.0598467
0.280914,-0.0611757
-0.170758,-0.0458544
-0.54778,-0.0251922
-0.766681,0.027933
-0.44417,0.0345634
-0.092152,-0.000100741
0.0174993,0.0385254
0.0544889,0.0910213
0.109808,0.0525983
0.0781276,0.0324104
-0.164217,0.0637049
-0.249812,0.0701245
0.0368868,0.0656068
0.147189,0.00490305
0.063747,-0.0595468
0.130778,-0.0529425
0.18938,-0.0395546
0.24856,-0.059614
0.362568,-0.091219
0.35682,-0.0585438
0.304803,-0.0124648
0.243357,-0.0460931
0.193697,-0.0538226
-0.123303,-0.038703
-0.496224,-0.0635045
-0.608373,-0.0393443
-0.45337,-0.0126121
-0.376214,0.0179613
-0.270298,0.0784395
-0.136342,0.123061
-0.0282929,0.0493152
0.0796643,0.00194246
0.0678271,0.0658167
0.0517064,0.134851
0.056492,0.0939188
0.0262327,0.025502
0.0810129,-0.0447306
0.202324,-0.0392395
0.325092,0.00952067
0.320944,0.0386643
-0.0772025,0.016884
-0.08374,0.0139745
0.336619,0.0305603
0.500417,0.0125588
0.493863,-0.0253233
0.317326,-0.0450026
-0.368903,-0.0583318
-0.65297,-0.121726
-0.808549,-0.241642
-0.540923,-0.148095
-0.222943,0.00732975
0.056626,0.094105
0.534758,0.0942786
0.787864,0.0555468
0.27293,0.0627849
-0.483307,0.0998619
-0.465525,0.15876
0.0691438,0.149895
0.577107,0.101241
0.856389,0.0465859
0.30481,-0.0242711
-0.568229,-0.102426
-0.965118,-0.132335
-0.691639,-0.166469
-0.216019,-0.135985
0.124989,-0.122581
0.26724,-0.153048
0.376642,-0.0698082
0.116312,0.0632313
-0.237568,0.144349
-0.462068,0.158797
-0.382253,0.125842
-0.043764,0.0724093
0.14163,0.00615826
0.0864803,-0.046137
0.0275083,-0.0631739
-0.00126763,-0.0511244
0.00998068,-0.0345176
0.070968,-0.0113435
0.176564,0.0245646
0.279527,0.0492012
0.196288,0.0683168
-0.0261018,0.039635
-0.0741734,-0.00927105
0.0180431,-0.0524601
0.0993679,-0.0535228
0.23311,-0.0450912
0.185874,-0.0790821
0.0739753,-0.147111
-0.00967755,-0.175512
-0.175676,-0.130137
-0.292023,0.019498
-0.120159,0.0592836
0.14575,-0.00737827
0.25623,-0.0302193
0.245988,-0.0182457
0.114691,-0.0324075
-0.202714,-0.0973538
-0.245791,-0.0802146
-0.100117,-0.00055453
0.0431951,0.0584869
0.286737,0.142974
0.341015,0.173811
0.301894,0.13337
0.675547,0.135306
0.81916,0.14165
0.286543,0.115408
-0.580849,0.0735376
-0.997461,0.0239619
-1.09101,0.0372095
-0.843691,0.0962339
-0.18435,0.0989031
0.342768,-0.00555062
0.136506,-0.0299906
-0.528989,0.0139221
-0.659882,0.00479929
-0.105895,-0.00251516
0.157085,-0.0582934
0.0404417,-0.0771463
-0.154581,-0.0284645
-0.0557437,-0.0289565
0.221098,-0.0566387
0.36496,-0.0481066
0.334313,-0.0235837
0.245594,0.014971
0.0415067,0.0227984
-0.109338,0.00249316
0.0838095,-0.013083
0.0208181,-0.0124048
0.112752,-0.0170913
0.655154,-0.0229805
0.754183,-0.0227618
0.43709,-0.0347533
-0.254477,-0.0165093
-0.944057,-0.02077
-0.824634,-0.0244025
-0.229571,-0.0364503
0.0168529,-0.0290595
0.291947,-0.0275384
0.527387,-0.059816
0.956575,-0.0915471
1.48998,-0.12226
1.50553,-0.190249
1.19749,-0.112408
-0.654426,0.0268986
-2.38843,0.168193
-2.03354,0.251446
-1.18748,0.190029
-0.663385,0.0534453
-0.48554,0.0288405
-0.265453,0.0337048
0.116514,0.0659006
0.296574,0.131708
0.185928,0.142365
-0.0439132,0.0253219
0.0594189,-0.0751249
0.366483,-0.0789063
0.395655,-0.0546849
0.367668,-0.0358156
1.13477,-0.0304066
2.25189,-0.12635
2.33131,-0.141548
0.791486,-0.0634426
-1.71872,-0.0266865
-2.70304,-0.0253829
-1.88947,0.000437804
-0.792548,0.0964496
-0.178953,0.106286
0.0557656,0.0559293
0.175551,0.00384046
0.139018,-0.0575028
-0.147244,-0.00127517
-0.324289,0.0308257
-0.222273,-0.01592
0.020598,-0.0313042
0.158356,-0.0869059
0.195261,-0.182331
0.130003,-0.0835077
0.157948,0.134689
0.373201,0.148097
0.501057,0.0561555
0.519457,0.0182851
0.416962,0.017001
0.287696,0.0105378
0.234865,-0.0248743
0.198457,-0.0610715
0.0342563,-0.0718521
-0.221802,-0.0432246
-0.420236,-0.0249957
-0.469224,-0.0155648
-0.379902,0.00177267
-0.19812,-0.0128409
-0.0742132,-0.0332799
-0.060513,0.0121104
-0.0788002,0.0587641
-0.0611808,0.0548058
0.14406,0.0486036
0.319373,0.0578678
0.568731,0.0625197
0.844536,0.0606807
0.652506,0.105079
0.490856,0.101244
-0.370783,-0.0244296
-1.05818,-0.0635286
-0.780598,-0.024896
-0.340454,-0.015405
-0.0605279,-0.0584528
0.107864,-0.132592
0.16062,-0.116066
-0.08716,-0.0270737
-0.507674,0.0473661
-0.679857,0.0387206
-0.326062,-0.00628249
0.0691726,0.0134641
0.445028,0.0485251
0.608714,0.032655
0.677114,-0.0536622
0.574833,-0.0993562
0.221244,-0.0683804
-0.0468682,0.00962556
-0.147952,0.0675839
-0.162424,0.0713368
-0.331982,0.0398526
-0.368612,0.0297656
-0.410825,0.034172
-0.446262,0.0196486
-0.275607,0.022575
-0.219962,0.0292784
-0.175753,0.0278356
0.211695,0.0481501
0.972837,0.06523
1.09449,0.012581
0.727755,-0.0782156
0.0882076,-0.120521
-0.237036,-0.221396
-0.577731,-0.142023
-0.793833,0.0738939
-0.612577,0.110422
-0.246086,0.0476279
-0.00109025,0.0462169
0.059192,0.0188172
0.0922712,-0.0220133
0.386099,-0.0149571
0.421764,0.063334
0.138793,0.0892868
-0.288148,0.0401253
-0.564671,-0.0327055
-0.211412,-0.041683
0.263607,-0.0265824
0.508368,-0.0508821
0.375647,-0.0445963
-0.0643542,0.0069198
-0.178103,0.0185049
0.0346331,-0.0199185
-0.146149,0.00168001
-0.176815,0.0329565
-0.0494682,0.0144858
0.0478701,-0.00442552
0.0374287,0.00718856
-0.236801,0.0150743
-0.292355,0.0432812
0.0893766,0.0725591
0.569016,0.0557221
0.703218,0.0370894
0.337469,-0.00301187
-0.302886,-0.0369678
-0.335275,-0.015713
-0.189733,-0.0328337
-0.143709,-0.0534553
-0.0268512,-0.0228068
0.025013,-0.00305667
-0.0311485,0.000806883
-0.0840442,-0.048965
-0.07252,-0.0566372
0.0126955,-0.029066
0.0490129,-0.0108328
0.0197055,0.00751188
-0.0236406,0.023885
0.0322095,0.0062948
0.110225,-0.0636628
-0.00480838,-0.0620223
-0.210519,-0.0522176
-0.247478,-0.00116498
-0.124614,0.0328953
0.0413302,0.0160331
0.156541,0.0620184
0.235529,0.100445
0.357173,0.0677119
0.347466,0.0272168
0.326271,-0.0467002
0.180759,-0.070816
-0.0873708,-0.0238806
-0.0931493,-0.00784994
-0.100269,-0.0545102
-0.145346,-0.0700021
-0.0633364,-0.0632211
-0.288296,0.00884637
-0.507181,0.107773
0.245565,0.0847597
1.04745,-0.000158411
1.07518,0.00183455
0.0815823,0.0334142
-1.22125,0.0228781
-1.20609,-0.0307693
-0.678095,-0.0476601
-0.363481,0.00791628
-0.115535,0.0656814
0.135054,0.0545581
0.207543,0.0301498
0.106527,0.005572
0.242563,0.000584313
0.379112,0.0137579
0.137983,-0.0195775
-0.35346,-0.10655
-0.564279,-0.0878318
-0.346691,0.0228166
0.00445577,0.0698042
0.311402,0.0224342
0.523646,0.0249772
0.724286,0.0323862
0.634918,0.0109767
0.178846,-0.0247388
-0.223572,-0.0444418
-0.38513,-0.0298205
-0.183457,-0.0454192
0.0180249,-0.0256998
-0.0568441,0.00346628
-0.474241,0.0175788
-0.613262,0.0201208
-0.183925,0.0241489
0.204497,0.00970679
0.320818,0.0213601
0.414724,0.0448892
0.470619,0.0201858
0.462311,-0.0166305
0.0761985,-0.016447
-0.235092,0.0223738
-0.284918,0.0178819
-0.511368,-0.0157614
-0.383094,-0.0426434
0.00445034,-0.0485769
0.140024,-0.040927
0.122438,-0.0509738
0.269727,-0.0576285
0.629709,0.00958611
0.790107,0.0627145
0.431348,0.0635733
-0.418621,0.0654377
-0.685252,0.0516586
-0.259659,0.0537607
0.0782814,0.0541837
-0.199239,-0.00290942
-0.50591,-0.0325574
-0.0691514,-0.0457877
0.194815,-0.0890658
0.145377,-0.108274
-0.0100309,-0.0257785
-0.0752296,0.0146611
-0.196886,0.00172987
-0.369117,0.00374865
-0.327078,-0.0159899
-0.259745,-0.037521
-0.11578,0.00679663
0.190186,0.0301297
0.334133,0.0345416
0.201916,0.019462
0.002333,0.00683261
0.0456528,0.0287996
0.247564,0.061863
0.346507,0.0504413
0.372676,0.0301356
0.18753,0.0178305
-0.0668183,-0.0290125
-0.115982,-0.0587161
-0.0236941,-0.036429
0.0754668,-0.0178329
0.0354007,-0.018369
-0.2087,-0.083042
-0.254752,-0.148362
-0.116863,-0.0446222
-0.086628,0.0871279
-0.0758379,0.0850666
-0.109054,0.0818979
-0.137534,0.0495823
-0.0273764,0.0211887
0.127404,-0.00286103
0.150731,0.00439852
0.00943782,0.00698048
-0.116038,0.0315844
-0.112525,0.0244562
0.0158292,-0.0257745
0.109889,-0.0284824
0.0752598,0.0219461
0.057878,-0.011806
0.0585007,-0.0456435
0.18184,-0.0104897
0.393787,-0.000729495
0.454887,0.00346491
0.415639,0.0222262
0.121179,0.0313439
-0.301668,0.0106013
-0.357027,-0.0618669
-0.262306,-0.0728797
-0.273028,-0.0239016
-0.445702,-0.00877421
-0.479288,0.0163245
-0.0111078,0.0365859
0.360954,0.0196599
0.21967,0.0031038
0.158577,0.00794141
0.316917,-0.00960252
0.402431,-0.0151484
0.247573,-0.00599782
-0.106436,0.0327688
-0.0617653,0.0769073
-0.411011,0.0803364
-1.00742,0.0598569
-0.826094,0.0333753
-0.202496,-0.0278291
0.0714537,-0.0728768
0.15937,-0.0646022
0.148302,-0.0189714
0.114198,0.00764926
0.137711,0.00412071
0.141007,0.0150298
0.285372,-0.0390744
0.401619,-0.0925394
0.19485,-0.0447554
-0.123267,-0.00681281
-0.422996,0.0483115
-0.0987106,0.0480946
0.350393,0.0261272
0.354367,0.000318553
0.137484,-0.0153133
-0.0205073,-0.0427746
0.169683,-0.0435767
0.29527,-0.0303384
0.214713,-0.0153101
0.0432943,0.0338483
-0.254175,0.0422752
-0.368662,0.0120751
-0.321068,-0.00576599
-0.370286,-0.00373872
-0.343578,0.0218512
-0.217185,0.0432481
-0.096897,0.0388826
0.00578246,0.0432474
0.0530751,0.0262187
0.0591305,0.00415566
0.0949601,-0.00641065
0.242933,-0.0108042
0.4513,-0.0520981
0.796484,-0.0802831
1.00992,-0.0242955
0.754825,0.0271045
-0.0695681,0.0305373
-0.905219,-0.0269338
-1.08109,-0.0314098
-0.571896,0.0293987
-0.207497,0.0325009
-0.0747745,-0.0129269
0.0494444,-0.0211075
0.0631111,-0.022851
0.0342399,-0.0442408
-0.00123142,-0.0829718
0.0747889,0.0133199
0.270248,0.0737042
0.375552,0.0667923
0.0424449,0.0371313
-0.389885,0.0152703
-0.476513,0.0192981
-0.324347,0.0263363
-0.126215,0.0089729
0.0722896,-0.0124841
0.219344,-0.00198287
0.271594,-0.00221931
0.131757,-0.00816303
-0.00244407,0.0130911
-0.15909,0.0266185
-0.214907,0.0154827
0.0746122,-0.012565
0.129739,-0.0315221
-0.0647089,-0.0267545
-0.0725705,-0.0889893
0.0523415,-0.105484
0.386204,-0.045242
0.754465,0.0130025
0.655369,0.0390914
0.161013,0.0150883
-0.563939,-0.0318362
-0.670585,0.00946904
-0.149559,0.0541381
0.0359721,0.053232
-0.0398811,0.0141421
-0.275577,0.0111082
-0.297058,0.0265724
-0.00873917,0.0234408
0.129487,0.0122361
0.0433303,0.0234173
-0.121335,0.0215172
-0.206039,0.00399346
-0.077129,0.00686134
0.146035,0.00711312
0.194542,-0.014762
0.0243214,-0.0436327
-0.0991248,-0.0246923
0.203106,-0.0314508
0.586702,-0.0738746
0.623658,-0.0211902
0.352513,0.00870643
-0.121166,0.0276292
-0.312321,0.062279
-0.46001,0.0188362
-0.701843,-0.0110817
-0.360743,0.0223602
0.133188,0.0513562
0.233465,0.0346267
0.1257,0.0419038
-0.13704,0.0296333
-0.353367,-0.00327958
-0.262991,-0.0508097
-0.0861648,-0.106841
0.179499,-0.0896332
0.364532,-0.0216911
0.28662,0.052366
-0.0932328,0.0362943
-0.345677,-0.0223192
-0.174173,-0.0273331
0.111327,-0.0279456
0.379003,-0.0353447
0.435041,0.0154822
0.049916,0.0460014
-0.211966,0.0120144
-0.117913,0.00248688
0.0832084,0.0149673
0.323247,0.00816364
0.326258,-0.0091757
0.0727788,-0.041074
-0.354995,1.77e-06
-0.354423,0.0403054
-0.145006,0.0370944
-0.047163,0.0466747
0.0447189,0.0376701
0.0321295,0.0124455
0.0635516,-0.00501032
0.0515178,-0.0344625
-0.0857348,-0.0733256
-0.189158,-0.0595612
-0.211046,-0.00885553
-0.0866317,0.0198423
0.0367356,0.0269612
0.154272,0.0162675
0.149796,0.00480222
0.031105,-2.34e-05
-0.0681556,0.0161518
-0.024897,0.0352727
0.153608,-0.0329513
0.251818,-0.0802653
0.261359,-0.0472805
0.267996,-0.0370702
0.40152,-0.0264016
0.455384,-0.00826606
0.00944078,0.0640741
-0.45457,0.0802557
-0.706865,0.0737745
-0.755991,0.0470775
-0.227004,0.0052422
0.244138,-0.020134
0.274366,-0.0018458
0.00375217,-0.000842356
-0.342296,-0.0298114
-0.347686,0.00310322
-0.130584,0.0264833
0.0158485,0.00207296
0.06136,-0.0197057
0.0507941,-0.023802
0.0570528,-0.0203658
0.0960707,-0.044693
0.168472,-0.0578435
0.365037,0.00450994
0.402289,0.0453024
0.248951,0.000239681
-0.0865371,-0.0372937
-0.362169,0.00248432
-0.185064,0.00666512
-0.0262581,0.0139032
-0.0145687,0.0445262
-0.0415113,0.0535481
-0.0456635,0.0611317
-0.016187,0.0482553
0.00259055,0.0243618
0.00485791,0.00455406
-0.0402007,-0.0402556
-0.0642298,-0.0727017
0.0932777,-0.0226284
0.222575,-0.000223482
0.255843,-0.0336383
0.154354,-0.0187922
-0.081022,0.00103783
0.140632,-0.00298882
0.559496,0.0577141
0.347328,0.0516221
-0.157069,-0.0804028
-0.444612,-0.140729
-0.477399,-0.10278
-0.334007,-0.0394108
-0.20456,0.0389783
-0.0296651,0.0819252
0.0854525,0.0596333
0.0502307,0.0438196
-0.0927061,0.037241
-0.107761,0.0244388
-0.0538134,0.0283958
0.234702,0.0310865
0.559291,0.0312394
0.216259,0.0197899
-0.314688,-0.0105781
-0.365145,-0.0284797
-0.486907,-0.00694067
-0.190441,0.00149234
0.230143,-0.00635603
0.317098,-0.0295411
0.106705,-0.0406979
0.114961,-0.0110683
0.0206164,-0.0352951
-0.151485,-0.0638239
-0.0369852,-0.0205647
-0.13396,0.0293428
-0.225832,0.0452801
-0.127619,0.0230079
-0.212843,0.0337474
-0.253124,0.0146953
-0.0598579,-0.0309192
0.197261,0.00684136
0.281831,0.0391752
0.191216,0.0237911
0.125032,-0.01899
0.116831,0.00189292
0.0954663,0.0395062
0.133132,0.0263622
0.202289,0.00236867
0.148882,0.0159722
0.0438252,0.0110149
-0.0741333,-0.00619893
-0.197857,-0.0362751
-0.191137,-0.0446419
-0.101644,-0.0670683
-0.0304491,-0.0739307
0.0285718,-0.0151757
0.146041,0.0276493
0.182733,0.0183029
0.101607,-0.0173083
-0.0213024,-0.015173
-0.119362,0.0238346
-0.0945256,0.0123511
-0.0216773,0.0163336
0.0607126,0.0190606
0.112143,-0.00222031
0.182321,-0.0205053
0.304014,0.0251313
0.350675,0.0608504
0.335046,0.0306911
0.0766212,-0.0340048
-0.242084,-0.0452408
-0.377962,-0.0506944
-0.489653,-0.129819
-0.531139,-0.103432
-0.371142,0.0636562
-0.100598,0.10892
0.0217109,0.0700282
-0.0102699,0.0212088
0.0012506,-0.00153681
0.0531648,0.0382964
0.034112,0.0451476
0.0275228,0.0375518
-0.0448165,0.0301092
-0.165187,-0.072795
-0.0636116,-0.100608
0.137076,-0.0213485
0.260727,0.0135279
0.486192,0.00401771
0.530996,0.0424878
0.362252,0.0579755
0.13934,0.0644763
-0.311547,0.0842928
-0.222825,0.0758249
0.20643,-0.00290059
0.0168081,-0.062507
-0.341049,-0.0964069
-0.393837,-0.119404
-0.0657712,-0.0430421
0.113458,0.0033394
-0.0772947,0.00842986
-0.487009,0.0325569
-0.447029,0.0355936
-0.135727,0.010502
0.0234922,-0.0105167
0.137168,-0.019883
0.19848,-0.0173661
0.124766,-0.0674303
0.0700822,-0.131624
0.256967,-0.00972155
0.33207,0.079273
0.208352,0.0377689
-0.012222,-0.00548231
-0.120947,0.0186505
-0.00340447,0.0391438
0.0103933,0.0305268
-0.081211,0.0133649
-0.184425,0.0236996
-0.130884,0.0458672
0.0216749,0.0194729
0.114417,-0.0253506
0.227003,-0.0399031
0.207418,-0.00853281
-0.00911949,0.00345097
-0.107528,0.0324578
-0.0475169,0.0220679
-0.0279607,-0.0266883
-0.0485686,-0.0432569
0.00373465,-0.0396185
0.0466622,-0.00468812
0.0384111,0.0120806
-0.0131727,0.00588257
-0.140043,0.0152562
-0.201513,0.0355991
-0.0596242,0.0418062
0.192674,0.0423003
0.225154,0.00966814
0.059923,-0.0291978
-0.147683,-0.0171954
-0.249378,0.0210559
-0.178378,0.0237856
-0.169773,-0.00100138
-0.129509,-0.0295096
-0.00941878,-0.0259577
0.136197,-0.0185603
0.257169,-0.0562106
0.214236,-0.0332487
0.0360411,0.0156757
0.035119,-0.00662586
0.235693,-0.0466098
0.258389,-0.0485451
0.155416,-0.016081
-0.203118,0.0285167
-0.562186,0.0219922
-0.444166,0.00066199
-0.211967,0.00492304
-0.00549636,0.0206488
0.114596,0.0311797
0.131772,0.00514123
0.14877,0.01741
0.219914,0.0379018
0.381771,0.0288114
0.503384,-0.000602239
0.406932,0.00587495
0.03197,0.00605049
-0.425132,-0.000971273
-0.701395,0.00799533
-0.507457,0.0197174
-0.11538,-0.00442088
0.00738543,-0.0575367
-0.0500763,-0.0353258
-0.0262002,0.00975256
-0.0350881,0.0493524
0.1532,0.0495732
0.441677,0.0236248
0.419992,-0.037702
0.0855321,-0.0874994
-0.327401,-0.0949515
-0.427873,-0.0365621
-0.187679,0.0609758
0.123481,0.0620582
0.246927,-0.0118154
0.236024,0.00815516
0.258674,0.036624
0.418812,-0.0477741
0.334035,-0.0739609
-0.135931,-0.00446385
-0.560765,0.0228121
-0.544418,0.0180325
-0.16178,0.02289
0.0753659,0.0485163
-0.00244622,0.0411506
-0.174203,-0.00569633
-0.165118,-0.00725215
-0.0222864,0.015492
0.151074,-0.0182949
0.266328,-0.0304606
0.248642,-0.00996927
0.138122,-0.0138544
-0.0500745,0.00578428
-0.351089,0.0331199
-0.417386,0.0348899
-0.186775,0.018584
-0.0236243,0.00390668
0.033955,-0.00374952
0.0729554,0.000929816
0.0994178,0.0105403
0.200017,-0.00131362
0.392677,-0.027673
0.62784,-0.0396247
0.60061,-0.0138988
0.307646,-0.0387405
-0.14571,-0.0252165
-0.516417,-0.0279383
-0.254329,-0.00197567
-0.165457,0.0709659
-0.361782,0.0102983
-0.373628,-0.0711714
-0.29869,-0.0117809
-0.0510374,0.0536866
0.0420058,0.0297457
0.00637764,-0.00677413
-0.0236555,-0.00964916
-0.0103622,-0.00151871
0.0262713,0.0124916
0.0363879,0.0429777
0.0347138,0.0293763
0.106824,-0.0152524
0.256374,-0.0140537
0.276054,-0.00317859
0.119495,0.0200846
-0.220814,0.0301245
-0.336686,0.0308978
-0.0624201,0.0247673
0.116416,-0.000584945
0.165688,-0.0308812
0.18714,-0.029853
0.17442,-0.029903
0.0718702,-0.0307144
-0.0492028,-0.0226928
-0.132076,-0.023825
-0.114169,0.000811022
-0.0225642,0.000632107
-0.026152,-0.0280977
-0.022492,-0.00183916
0.16668,0.0370109
0.35523,0.0236472
0.539234,-0.0148845
0.306192,-0.015885
-0.20143,0.00933775
-0.601195,0.0188963
-0.641909,0.0290806
-0.251749,0.0105854
-0.0823699,-0.0165713
-0.0941186,-0.00608665
-0.0452459,0.0629153
0.00663507,0.108372
-0.00337354,0.0100202
-0.00530678,-0.0633353
-0.040709,-0.106743
-0.0430566,-0.0953769
-0.0374851,-0.0432063
-0.04761,-0.0277384
-0.0200812,-0.0182455
0.106925,0.00716418
0.271554,0.0182418
0.407103,0.0354841
0.442227,0.0353238
0.355021,0.0274816
0.235218,0.0130663
0.0124781,-0.0217443
-0.118271,-0.036677
-0.181243,0.00635445
-0.312143,0.00701477
-0.331376,0.0148677
-0.365902,0.04091
-0.236494,0.0323404
0.0686814,0.0190444
0.269744,0.0183062
0.251163,0.0249332
0.0739341,0.0213228
-0.209364,0.0194704
-0.227732,0.0189716
-0.173234,0.0178636
-0.135656,0.0192005
0.0177683,-0.0244912
0.100418,-0.0457454
0.0426735,-0.0223547
0.0307807,-0.000469812
0.0861466,0.00730553
0.0804539,-0.00110389
0.058957,0.00281421
0.023421,-0.0116584
-0.0311616,-0.009662
-0.0419838,-0.00523142
-0.0785348,6.61e-05
-0.0784371,0.0176697
0.0280525,0.00570638
0.142161,-0.0165972
0.207653,0.00226694
0.0398596,0.0150732
-0.0904177,-0.0191019
-0.0464663,-0.0547293
0.0591981,-0.0629766
0.21834,-0.0308395
0.377877,-0.0242449
0.482137,-0.00183901
0.307659,-0.03736
-0.157486,-0.107508
-0.548675,-0.0971406
-0.525477,-0.0122569
-0.271482,0.0621398
-0.0861456,0.0784896
-0.0176749,0.0579347
-0.0514793,0.0500936
-0.163113,0.0502139
-0.167934,0.0367066
-0.062405,0.0217302
-0.00579837,0.0315123
0.0221764,0.0350072
0.0745145,0.0115016
0.105362,-0.00061074
0.0772525,0.00572401
0.0436133,0.0159748
0.071983,0.0167098
0.115919,0.00617125
0.106809,0.00510209
0.0605421,0.00237343
0.018469,-0.012955
0.13283,-0.0113543
0.213576,-0.0110433
0.252835,-0.0135886
0.268516,-0.00161009
0.157881,-0.00356727
-0.0197799,0.00788031
-0.153691,0.00580724
-0.420157,-0.0116118
-0.565583,-0.0399977
-0.242299,-0.0431641
0.2342,-0.0315621
0.348497,-0.0233835
0.179778,-0.0342834
-0.11048,-0.0240061
-0.241429,0.0144142
-0.110861,0.0474134
-0.15842,0.0521066
-0.344504,0.0323422
-0.284846,0.00592971
-0.0878273,0.0159231
0.143833,0.0251798
0.181672,0.0100336
0.0987639,0.0078375
0.054201,-0.0229234
0.00430979,-0.0911887
0.155719,-0.058292
0.204971,-0.0221603
0.130777,0.0301555
0.10361,0.0470114
-0.0309512,0.0578852
0.0896565,0.0352925
0.28651,-0.0276597
0.161959,-0.0891888
-0.13625,-0.0519785
-0.486106,0.0225364
-0.320189,0.0383121
0.0172167,0.0264365
-0.00582379,0.0193563
-0.0926091,0.0146851
-0.00897884,0.0129845
0.105225,0.0122568
0.242185,0.0112724
0.245493,0.00100854
0.0993286,-0.0196367
-0.141524,-0.00888648
-0.240738,0.021349
-0.145857,0.0455115
-0.106143,0.0245457
-0.0620981,-0.046955
-0.0214547,-0.0633775
0.020345,-0.0218309
0.0724306,-0.0322845
0.0838053,-0.0133474
0.110843,0.0177812
0.263337,0.00166249
0.32145,-0.0282956
0.312653,-0.00345919
0.245937,0.0119387
-0.0391227,0.000778831
-0.35627,-0.00746437
-0.421272,0.0170314
-0.231556,0.040886
-0.00410507,0.0503193
0.0793048,0.0462498
-0.0013941,0.0320733
-0.176631,-0.0218018
-0.271977,-0.0433432
-0.163736,0.034037
-0.0128694,0.0370492
0.0174873,-0.00506435
-0.00858359,-0.0505404
0.023327,-0.055247
0.0464014,-0.00711505
0.0581612,0.0185454
0.111599,-0.00399236
0.13466,-0.0682907
0.0911785,-0.0895392
0.0478906,-0.0308045
0.0278227,0.0520678
0.0310797,0.0712868
0.0425133,0.0492744
0.0456545,0.0269604
-0.00293503,0.00723967
-0.0155065,-0.00514514
-0.0410625,-0.0131404
-0.0507082,-0.0182608
0.0138025,-0.00813525
0.0375759,-0.00503144
0.00954675,-0.0159584
0.01703,-0.00409174
0.0497686,0.00173458
0.122621,-0.0093384
0.118189,-0.00284825
-0.00969762,0.00916
-0.0299863,0.0173377
0.0924863,0.0272318
0.181642,0.0379189
0.143924,0.0451387
-0.046912,0.0320797
-0.276799,-0.000638698
-0.230316,-0.0118388
-0.0458967,-0.0233899
-0.0992754,-0.0601343
-0.0622263,-0.0422083
-0.12456,-0.0175935
-0.200691,-0.00347264
-0.147939,0.0123552
-0.164966,0.00210082
-0.144484,0.000707128
-0.0378552,0.0176323
0.0434278,0.0278022
0.159578,0.0194025
0.313661,0.00450857
0.401984,-0.00533329
0.370739,-0.00329341
0.0840486,-0.0100857
-0.161454,-0.018667
-0.242815,-0.0195786
-0.283915,-0.00979683
-0.217179,0.021807
-0.0535863,0.0170812
0.0773049,0.0152149
0.155835,-0.00929733
0.105795,-0.035596
-0.0830352,-0.0128128
-0.0929123,-0.00116045
0.00410063,0.0261582
0.0556118,0.025675
0.282863,-0.0223975
0.461162,-0.000260938
0.37088,-0.0220751
0.139677,-0.0520843
-0.216831,-0.0317631
-0.584855,-0.0161699
-0.536706,-0.0196678
-0.222661,-0.0179144
0.0357217,0.0223592
0.140991,0.0558328
0.10438,0.0357365
0.0632502,0.00641039
-0.00575264,-0.00290712
-0.0657378,3.97e-05
-0.0798832,0.0175464
-0.0960672,0.0273777
-0.0675615,0.00420703
-0.03576,-0.0112003
0.00205275,0.0361699
0.0829284,0.0365659
0.156574,0.00511427
0.143737,-0.0162021
0.102737,-0.00590046
0.122705,-0.0240876
0.198995,-0.0476135
0.163686,-0.0219363
0.0395966,0.0104326
-0.0069429,0.0224545
0.053949,0.00065687
0.0695887,0.010562
0.0135551,0.0228674
-0.0256051,-0.00590856
-0.0682415,-0.0450527
-0.0485873,-0.00434173
-0.156403,0.00732286
-0.18849,-0.00127673
-0.0753776,0.00692242
0.0149016,-0.0384489
0.165828,-0.0102657
0.066739,0.0177345
-0.276862,0.016
-0.328473,0.00714683
-0.303954,0.0246035
-0.215814,0.0393357
-0.0379147,0.00303863
0.0665586,-0.0311579
0.10289,-0.0029236
0.156002,0.0206995
0.299361,0.0183551
0.31752,0.0122151
0.0985104,0.0119504
-0.144549,0.00141088
-0.292032,-0.0068879
-0.197693,-0.0237453
-0.0367794,-0.00404614
0.0321117,0.00274965
0.0980179,0.00498084
0.129896,0.000306592
0.126926,-0.000157485
0.145428,0.01135
0.194761,0.0150744
0.175609,-0.0100472
0.0900072,-0.0301704
-0.142625,-0.0500588
-0.289743,-0.0748395
-0.22722,-0.0541301
-0.151226,0.0396179
-0.0691672,0.0148808
-0.0225512,0.0139149
0.0146861,0.0564317
0.0574303,0.0550877
0.102563,-0.00610848
0.181511,-0.096311
0.236212,-0.078867
0.263077,-0.022895
0.342976,0.00408084
0.222317,0.0494908
-0.0437498,0.0540054
-0.257301,0.0342838
-0.380457,0.0281297
-0.243318,0.0311621
0.0130706,0.028014
0.0817624,0.0281026
-0.075707,-0.0150566
-0.202637,-0.0296597
-0.127614,-0.0124985
-0.0175004,0.0149442
-0.011627,0.0209668
-0.14154,-0.00104732
-0.194425,-0.0451421
-0.105022,-0.0198936
-0.0554254,0.0399721
-0.0223978,0.0333662
0.00948918,0.00857823
0.0834314,-0.0143135
0.238709,-0.0188398
0.428799,0.0169153
0.530749,0.00576719
0.3064,-0.0138201
-0.14391,-0.0352606
-0.465257,-0.0788742
-0.360252,-0.071586
-0.00338705,0.00263257
0.270734,0.0194239
0.636449,-0.0194173
0.837668,0.0132302
0.437875,0.0429708
-0.46536,0.0147125
-1.19661,0.000550984
-0.948482,0.0430819
-0.403274,0.0408383
-0.0328209,0.0298408
0.26983,0.00946042
0.373476,-0.0195436
0.172515,-0.0473118
-0.242368,-0.060828
-0.348071,0.0118833
-0.142433,0.0546574
-0.0113173,-0.00279654
0.0136269,-0.0730512
0.0376329,-0.0385914
0.138787,0.0167511
0.207498,0.0492911
0.260243,0.0434846
0.238238,0.0463864
0.0800722,0.0206638
-0.0138137,-0.00729818
-0.048676,-0.0514336
0.0988322,-0.0462489
0.469049,-0.0216834
0.708753,-0.021201
0.50559,-0.0155195
-0.341437,-0.00538851
-0.936502,0.034803
-0.540152,0.0438655
-0.160914,0.0215176
-0.0808222,0.0188852
-0.122952,0.0431577
-0.0881557,0.0528414
0.0529243,0.0300148
0.110031,-0.0259652
0.0876366,-0.0721262
0.0116675,-0.0307262
-0.119328,0.0120339
-0.112272,0.0253885
-0.0201055,0.00910233
-0.00896039,-0.0146293
-0.0130454,-0.0311572
0.0330606,-0.00894498
0.111866,0.0234484
0.191595,0.0171298
0.230067,-0.0195993
0.189043,-0.0684521
0.0851045,-0.035687
0.0255776,0.0173121
0.0578709,0.0257002
0.0216963,0.0155954
-0.0941144,-0.0348464
-0.138293,-0.0261704
-0.053682,0.015089
0.10073,0.0147251
0.288125,0.0265581
0.185732,0.0108425
-0.102249,-0.0167459
-0.19601,0.0155457
-0.0859312,0.0407933
0.0195902,0.0317759
-0.0115431,0.0256812
-0.231681,-0.00739796
-0.32733,-0.0228643
-0.200988,-0.0667715
-0.120285,-0.0692097
-0.0774111,-0.00139567
0.0475128,0.0246336
0.146908,0.0130842
0.0536762,0.00613327
-0.0246717,0.00656663
0.0883517,-0.0295281
0.171289,-0.0456891
0.0962646,0.0142746
-0.131173,0.0485982
-0.21683,0.0329738
-0.00788446,0.00162215
0.135031,-0.00649776
0.192607,0.0152106
0.237314,0.0229795
0.150906,0.0127292
-0.0511921,0.0128173
-0.0809693,-0.0272356
-0.0301345,-0.0112727
-0.0193817,0.0103452
0.0129216,-0.0155207
-0.0432351,-0.0204415
-0.041905,-0.00109561
0.0610879,0.00336798
0.0798428,0.00238327
-0.0666508,0.0208295
-0.285999,0.0124247
-0.293591,-6.11e-05
-0.148253,-0.00710748
-0.0739094,0.00834633
-0.0178187,0.0123357
0.0231597,0.00819125
0.0783569,-0.00452949
0.184762,0.003637
0.341423,0.0207443
0.438509,0.0161726
0.321652,0.00567971
-0.0464292,0.00290062
-0.260866,0.00384767
0.0238506,-0.0111898
0.344103,-0.0594203
0.271568,-0.111233
0.0399798,-0.0836535
-0.218638,-0.00536241
-0.37127,0.0190999
-0.344331,0.00358292
-0.295674,-0.0335375
-0.243527,-0.0136938
-0.191234,0.0638295
-0.0945076,0.0595345
-0.0218392,0.021357
-0.0310205,0.00892787
-0.048117,0.0181628
-0.00565871,0.0246307
0.048232,0.0245585
0.0648678,0.0260689
0.0189358,0.0252688
-0.0279095,0.015948
-0.00505408,0.00731593
0.0772066,-0.0194278
0.132642,-0.035549
0.153531,-0.0309534
0.158205,-0.00177717
0.160129,0.0200169
0.202788,0.0107263
0.352672,0.0201296
0.425612,-0.0104345
0.424729,-0.0596865
0.27453,-0.0693916
-0.199194,-0.0287065
-0.463793,0.0092884
-0.356126,0.0269137
-0.319057,0.0684763
-0.323216,0.0414469
-0.2813,-0.00659234
-0.216186,-0.0297354
-0.119223,-0.0278528
0.0252745,-0.0120745
0.0901197,0.00976651
0.0532887,0.0244343
-0.0623376,0.0292424
-0.12254,0.0358902
-0.0299414,-0.00287423
0.0393987,-0.0540236
-0.0126,-0.0181541
-0.0348041,0.0136887
0.0359201,-0.017771
0.113656,-0.0146868
0.338784,0.0280064
0.53007,0.0205577
0.44698,-0.0126426
0.205858,-0.00108359
-0.128109,0.0137764
-0.129393,0.00289151
-0.0285083,-0.018195
-0.247985,-0.0093447
-0.39349,0.0258325
-0.314976,0.0413407
-0.18476,0.0353696
-0.083051,0.0159492
-0.0383343,-0.0111427
0.0481014,-0.0197782
0.225824,-0.0105446
0.296407,-0.00817284
0.166876,-0.00880471
-0.138297,0.00115694
-0.241384,0.00145003
-0.0513904,0.0050489
0.129854,-0.00201174
0.112988,-0.00622832
0.00560524,-0.0152905
-0.11742,-0.0283308
-0.179071,-0.00927032
-0.115813,0.0265092
-0.0110565,0.00169458
0.0735704,-0.0366019
0.0944667,-0.0937374
0.049338,-0.0827904
0.00101034,0.0393082
-0.0402324,0.0498991
-0.0285485,0.0317019
0.0380911,0.00883379
0.16722,-0.0145887
0.243667,-0.0260268
0.148566,-0.0265654
0.0700109,-0.0232228
0.0528006,-0.0109579
0.054591,0.0472919
0.210573,0.0218893
0.347229,-0.00954207
0.169937,0.0390238
-0.231483,0.0591253
-0.540358,0.0546333
-0.394005,0.0238308
-0.345797,-0.00878224
-0.409772,-0.00933793
-0.235617,-0.0117684
-0.0601144,-0.0208863
0.0149202,-0.0153162
0.0161897,-0.016938
0.0176586,-0.0126389
0.193352,0.00452848
0.39595,0.00803043
0.354602,0.0125105
0.0871893,0.0163329
-0.184925,0.0252146
-0.0415464,0.0357978
0.0996488,0.0348246
0.00166093,0.0129543
0.00440889,-0.0342591
0.158464,-0.0510721
0.237448,-0.0242174
0.241586,-0.00812828
0.0735744,-0.00607944
-0.216186,-0.0305366
-0.326453,-0.0270038
-0.134227,0.00420317
0.0656392,0.00906073
0.0610568,0.000105614
-0.0866266,0.00291724
-0.178135,-0.00586703
-0.175234,-0.0129395
-0.163152,-0.00463194
-0.0703277,0.0280685
-0.00323057,0.0359811
0.050739,0.0181269
0.0950444,0.00840142
0.0860202,0.0166419
0.128222,0.00964458
0.192585,-0.0170868
0.0872104,-0.0519359
-0.0734236,-0.0396406
0.0244803,0.0164608
0.0944751,0.0322449
-0.0215882,-0.0254667
-0.0448578,-0.0191973
-0.0136896,0.00540322
-0.0389591,0.0109522
-0.0880577,0.00683785
-0.109437,-0.0133681
-0.0584157,-0.00252597
0.125827,0.029848
0.236578,0.0355293
0.17834,0.0079462
-0.0417542,-0.0194535
-0.275264,-0.0473893
-0.26561,-0.0234233
-0.0878719,0.0281351
0.0174827,0.0303356
0.0142414,0.0186584
-0.0267602,0.00930291
-0.0105028,0.0102252
0.0745588,0.0223996
0.184925,0.0129649
0.205656,0.0018341
0.0240648,0.0159054
-0.110251,0.0187749
-0.0289311,0.000494094
0.161089,-0.0134041
0.280861,-0.0225792
0.260064,-0.0470926
0.0404495,-0.0320326
0.0276819,-0.0399289
-0.0286016,-0.114549
-0.358843,-0.0784047
-0.343404,0.00661709
-0.0686273,0.0432746
0.0466629,0.0539466
0.136368,0.0514434
-0.0196791,0.0359188
-0.234828,0.0239027
-0.251802,0.0155494
-0.16153,0.00450412
-0.111647,-0.00220773
-0.112345,0.0279111
-0.0333816,0.0619352
0.0700402,0.0289729
0.106325,-0.00514419
0.0540488,-0.0132217
0.105505,-0.00403713
0.239685,0.0185521
0.380482,0.00992292
0.494033,-0.0234714
0.281473,-0.0408952
-0.251908,-0.0598139
-0.572805,-0.0678271
-0.436295,-0.109023
-0.145304,-0.0513052
0.0182608,0.0274495
0.00240423,0.0601664
-0.0260341,0.0436533
0.0415628,0.0324935
0.0815469,0.0332806
0.0495244,0.0295165
-0.00370777,0.0182411
-0.0329347,0.0326248
0.0489055,0.0385809
0.146061,0.0156833
0.170411,-0.0110849
0.335855,-0.0400354
0.458085,-0.0443882
0.316994,-0.0467637
-0.0625843,-0.0130278
-0.471364,0.0150753
-0.466234,0.0115017
-0.291453,0.00635173
-0.119227,0.00140449
-0.00525944,0.0107916
0.0483736,0.0181437
0.0576054,-0.00814919
-0.0231743,-0.0285545
-0.125772,-0.00447349
-0.144415,0.014628
-0.0843849,0.0109845
-0.0209274,0.0221613
-0.0170485,0.0251141
-0.0548922,0.0210238
0.0550317,0.0148801
0.385059,0.0120646
0.512611,-0.0132681
0.326697,-0.0197771
-0.0747915,0.00819724
-0.355054,-0.0206727
-0.24517,-0.0450627
-0.0177062,-0.00698871
0.124522,0.00745112
0.0962305,-0.00397145
-0.0257983,-0.0154433
-0.0890012,-0.0127537
-0.0865034,-0.0283978
-0.037776,-0.0528304
0.0147301,-0.00536747
0.0563215,0.027812
0.0663798,0.0254547
0.00701977,0.0261061
-0.235955,0.0165921
-0.370818,0.00429381
-0.205697,0.00495829
-0.038421,0.0128076
0.0948895,0.0132087
0.217922,0.0440881
0.30437,0.041148
0.268942,0.00662434
0.165171,-0.0450583
0.0613814,-0.0894002
-0.0712894,-0.0227095
-0.0648958,0.0179142
0.114183,0.0228401
0.195086,0.0249214
0.141389,-0.000966275
-0.1421,-0.057404
-0.307002,-0.102062
-0.0779384,-0.0206909
0.198962,0.0385231
0.274709,0.0274128
-0.0253839,0.00869994
-0.309032,0.0151289
-0.249708,0.0513461
-0.216255,0.0596663
-0.0816468,0.0285194
0.0565568,-0.0388688
0.0179101,-0.0355882
0.0151994,0.021968
-0.0709631,0.0193001
-0.128235,-0.0152814
-0.174732,-0.0244751
-0.250915,-0.000607363
-0.148166,0.0150964
0.117844,-0.00580857
0.269733,-0.0169611
0.208857,-0.00578779
0.0513942,0.00952946
-0.0746979,0.0182173
-0.0133608,0.00628243
0.0754164,0.00425804
0.171248,0.0129878
0.31036,0.00882858
0.391872,-0.00388989
0.50991,-0.0203726
0.3478,-0.0243971
-0.0639882,0.00962326
-0.425737,0.035335
-0.501254,0.0508632
-0.307074,0.0390786
-0.210788,0.0124406
-0.20347,0.00348648
-0.101087,0.000281337
-0.0358773,0.00644144
-0.0633093,0.00180915
-0.0308658,-0.0353469
0.0405618,-0.0775045
0.080188,-0.0664679
0.0733337,-0.0244326
0.0298476,0.00348446
-0.0236811,0.0160147
-0.056772,0.0135573
-0.0356898,0.0030231
-0.00939611,-0.00666282
-0.0139925,-0.00881309
0.0214819,0.000517944
0.0573902,-0.00221114
0.0731293,-0.0127969
0.0914516,-0.0143965
0.0999577,-0.00832573
0.101754,-0.00340274
0.098899,0.0135993
0.0843986,0.0223893
0.0567317,0.0151442
0.0816419,0.0112196
0.123616,0.0110062
0.0789335,-0.00682187
-0.0194015,-0.0180633
-0.170171,-0.0127605
-0.277433,0.0202911
-0.234672,0.025434
-0.135798,0.0145641
-0.0759451,0.016844
-0.0208931,0.0208477
0.0701301,0.0152726
0.143501,-0.00860666
0.15513,-0.0356672
0.107397,-0.0196264
0.0433022,0.00166246
0.059327,-0.00498188
0.357253,-0.00935473
0.60703,-0.00989516
0.421259,-0.0032996
-0.0685183,-0.00184494
-0.674867,0.00351803
-0.813323,0.015073
-0.499158,-0.00552659
-0.213839,-0.0195677
-0.073931,-0.00054259
-0.00761071,0.0124148
0.0501914,0.0114865
0.111564,0.00216485
0.133375,-0.0297571
0.204365,-0.0396191
0.281838,0.00482367
0.243393,0.0195086
-0.0306923,0.000551333
-0.334738,-0.00709361
-0.272306,-0.0224337
-0.00663297,-0.0115555
0.233378,0.008177
0.308385,0.0290225
0.301895,0.0296828
0.0866002,0.0123109
-0.231383,0.00638392
-0.334545,0.025669
-0.145386,0.0272176
0.164678,0.0174223
0.280063,0.0103728
0.125726,0.000230439
-0.171912,-0.00965781
-0.359266,-0.0231835
-0.235016,-0.014972
0.00637115,0.021716
0.156998,0.0170304
0.129085,0.00110581
-0.02408,-0.0117204
-0.0937874,-0.0127262
-0.0560877,-0.00702648
-0.113474,-0.0518941
-0.0997507,-0.0573973
0.00294433,0.00342881
0.0680189,0.0143905
0.156138,-0.0198798
0.25678,4.02e-05
0.174838,0.028299
0.0299335,0.0154814
-0.126474,6.69e-05
-0.162935,-0.0134937
-0.0345632,-0.0173194
0.00966199,0.00649063
0.00435392,0.0108349
-0.0179326,0.0290774
-0.0549271,0.0259171
-0.0182778,0.0193633
0.0574782,0.0154607
0.234118,0.00570701
0.373304,0.00303689
0.264179,-0.0141122
-0.00266543,-0.0414686
-0.249211,-0.0174142
-0.210129,0.0125561
-0.13268,0.00157557
-0.122479,-0.0270123
-0.0364737,-0.0571158
-0.0345513,-0.0324772
-0.114852,0.0284067
-0.0856707,0.0335962
-0.0351463,0.0172308
0.107715,0.00301054
0.185549,0.00662985
0.0137915,0.023169
-0.267622,0.0266993
-0.145862,0.0223994
0.0687785,0.0301115
0.293179,0.019381
0.459904,-0.017307
0.327845,0.00317852
-0.0167073,0.00723422
-0.243592,-0.0172633
-0.333298,-0.0352235
-0.254255,-0.0151718
-0.0785126,0.04986
-0.0484312,0.0488864
-0.0936832,0.0192047
-0.0579247,-0.0118411
0.0107594,-0.0558558
-0.0179869,-0.095352
-0.0793898,-0.102515
-0.0714951,-0.039631
-0.0282158,-0.00482051
-0.00478694,0.0170937
0.0262171,0.0596895
0.0728242,0.0581848
0.10016,0.0256994
0.119371,0.00602911
0.17691,0.00616887
0.182109,0.00657068
0.136303,-0.00371434
0.0414595,-0.0109492
-0.106203,-0.0180305
-0.100962,0.0075254
0.00627684,0.00356038
0.176786,-0.00327564
0.308557,0.00596971
0.231972,0.0088043
0.048981,0.00726421
-0.280841,0.0151223
-0.438609,0.0290026
-0.336242,0.0159408
-0.187943,-0.0198192
-0.0387159,-0.0426108
0.0297548,-0.0273731
0.0363265,0.00279177
0.0311798,0.00483463
0.0120161,0.00377282
0.0524407,0.0123858
0.177126,0.0155913
0.19324,0.0177843
0.0717852,0.00545625
-0.166861,-0.0160476
-0.323751,-0.0156448
-0.207816,-0.00840297
-0.0402269,-0.0166832
0.122717,-0.0200639
0.359887,-0.00777513
0.509678,-0.00435149
0.42347,0.00736713
0.114999,0.0085707
-0.228309,0.00535653
-0.38413,0.016671
-0.279389,0.0191154
-0.079591,0.0146164
0.0694837,0.0137818
0.144547,0.0099078
0.0695435,0.00261409
-0.0573728,-0.0123071
-0.251008,-0.00886927
-0.336639,-0.00297532
-0.188568,-0.0192276
-0.0574059,-0.0421418
-0.0303501,-0.00039328
-0.0342818,0.0269129
-0.0279187,0.0103219
0.00548648,-0.00227353
0.0854974,-0.0104457
0.267534,-0.005177
0.429269,0.00592046
0.423424,0.00511136
0.281051,0.00353266
0.032219,0.00756156
-0.194661,0.0101533
-0.23374,0.000383266
-0.216313,-0.00622187
-0.137872,0.00290674
-0.0868735,0.0121471
-0.133224,0.0203394
-0.132299,0.0200694
0.01375,0.0188017
0.199116,-0.000216927
0.232884,-0.0643166
0.0967297,-0.0695929
-0.164544,-0.0271641
-0.299406,0.016217
-0.165802,0.019079
-0.0733424,0.0233856
-0.0293659,0.0132719
0.0358191,0.000896074
0.0831095,-0.00836495
0.0501527,-0.0165714
0.0107859,-0.0120265
-0.0367065,0.00370357
-0.0376556,0.00291111
0.0215078,0.00836332
0.0735976,0.0445941
0.0838288,0.0325525
0.134186,0.00142016
0.350304,-0.0310065
0.596645,-0.0154866
0.524545,-0.00252166
0.0483007,-0.000581818
-0.534623,0.0107125
-0.720869,0.0188912
-0.43131,0.0091537
-0.164232,-0.0038206
-0.0529328,-0.0103596
-0.0218369,-0.00769879
0.0124368,0.0127076
0.0843282,0.0200831
0.148954,-0.00862174
0.144128,-0.0654397
0.0583534,-0.0421176
-0.0787419,0.0171878
-0.174991,0.0089507
-0.113695,-0.00407048
0.0213844,-0.0137059
0.162311,-0.013519
0.285643,0.0112919
0.381912,0.0171386
0.346637,0.00789559
0.0845104,0.00558085
-0.196971,0.00443245
-0.138043,2.77e-05
-0.0258534,0.00351101
-0.117519,0.0143499
-0.251778,0.0161364
-0.327528,0.0142901
-0.220442,0.0117245
-0.0454947,0.0113943
0.11635,0.0216711
0.156096,0.0113357
0.0295061,-0.0135295
-0.0869609,-0.0207758
-0.115708,-0.0184128
-0.105762,-0.0093012
-0.0252687,-0.00666568
0.00309781,-0.00275825
0.00129215,-0.00737938
0.0224636,-0.0173649
0.0275773,-0.0054307
0.0637855,0.00402595
0.0869371,-0.00385867
0.142846,-0.0108739
0.213688,-0.00102875
0.188466,0.016201
0.0955963,0.0233059
-0.0307739,0.0199181
-0.107801,0.0203021
-0.0601751,0.00799291
-0.0388554,-0.0119028
0.067876,-0.0201151
0.291148,-0.00421979
0.231771,-0.00218437
-0.0559037,-0.00760786
-0.338591,0.00706878
-0.3545,0.0131532
-0.131105,0.00299901
-0.01376,0.00215492
0.0163241,-0.0112316
-0.0367142,-0.0242817
-0.114282,0.0112962
-0.107845,0.0232857
-0.0871045,0.00551754
0.049219,0.0022434
0.219283,-0.00660168
0.299615,-0.0160917
0.160779,-0.00454208
-0.127634,0.00503181
-0.122044,-0.00824659
-0.10477,-0.0273411
-0.130664,-0.0377118
-0.0515213,-0.0193514
0.0336828,0.0275601
0.120141,0.00553595
0.0890932,-0.0842643
0.0263753,-0.0873697
0.0343366,0.023123
0.0572107,0.0627014
0.0361103,0.0400878
-0.0721109,0.0386176
-0.200979,0.0384881
-0.144732,0.024384
-0.0393241,0.00403349
-0.041544,0.00103107
0.0972934,0.00567408
0.315057,0.00478899
0.388053,0.000209851
0.276082,0.00611224
0.012603,0.0126993
-0.178675,-0.000213792
-0.2036,0.00369099
-0.200003,0.0113459
-0.180345,-0.0148983
-0.122831,-0.0450309
0.00315301,-0.0312306
0.135012,0.0143951
0.181486,0.018989
0.0763753,0.0313788
-0.0524977,0.0184155
-0.175356,-0.000342183
-0.248627,-0.0212035
-0.166256,-0.0109362
0.00270247,-0.0241798
0.168963,-0.0269362
0.219197,0.00463432
0.197199,0.0176603
0.0579375,0.000852806
-0.0637331,-0.00357403
-0.109712,0.00612013
-0.161313,0.0127546
-0.0868593,0.0142161
-0.00319358,0.0176888
0.0726569,0.00606458
0.127474,-0.00131558
0.134782,-0.0207551
0.0313515,-0.00762095
-0.101165,0.00169561
-0.105922,-0.0059975
-0.04898,-0.00535679
0.0759263,0.0116714
0.175178,-0.00244609
0.184457,-0.0457039
0.047681,-0.014358
-0.00697779,0.0148193
-0.00958492,0.0157422
-0.173548,0.00354116
-0.275254,0.00115398
-0.0964401,-0.00229518
0.111232,0.015502
0.105664,0.0218126
-0.0577566,0.0147356
-0.207182,0.0119726
-0.198254,0.00194075
-0.0605942,-0.0119848
0.0561973,-0.0158213
0.142812,-0.0124586
0.16832,-0.0035334
0.0987083,0.00289053
0.0388319,-0.00928763
0.0355696,-0.0107383
0.0851697,-0.00645267
0.0783864,-0.00230738
0.0506408,0.0203069
-0.0276564,0.0339683
-0.102181,0.0270703
-0.084598,0.0186192
-0.0500813,0.0157447
-0.0202108,0.0061007
0.0053195,-0.0100099
-0.0013868,-0.0262239
-0.00546245,-0.0486625
-0.0442784,-0.06869
-0.109354,-0.0643355
-0.0238388,-0.0859449
0.0428789,-0.131373
0.0294549,-0.130237
0.109393,-0.0899463
0.202901,-0.013454
0.174057,0.0750585
0.0499796,0.105437
-0.210574,0.0963865
-0.330544,0.0941076
-0.195095,0.0933281
-0.0563407,0.0735098
0.0453101,0.0544671
0.151647,0.0425184
0.162903,0.0274704
0.0913253,0.00409239
0.00247822,-0.000217397
0.024919,0.0228072
0.0791825,0.0521561
0.0900467,0.0490157
-0.0499719,0.0296568
-0.172652,0.00651104
-0.0391655,-0.0143342
0.139034,-0.0197702
0.109278,0.00460553
-0.044507,0.00925555
-0.175128,-0.00451131
-0.14556,-0.0153871
0.0399711,-0.0169701
0.215157,-0.0193939
0.264207,-0.0245901
0.0477544,-0.0275492
-0.25006,-0.0228632
-0.395477,-0.0244038
-0.314159,-0.0238993
-0.135891,-0.0232278
-0.0305765,-0.00957549
0.0359293,-0.0241895
0.0778581,-0.0283378
0.0802552,-0.0234957
0.0985156,-0.0114904
0.166016,0.00607281
0.225043,0.00546754
0.16383,-0.00791564
-0.00063206,-0.00753261
-0.146966,-0.00491875
-0.171602,-0.00444726
