subject,label,trial_id,path,sha256,split
A,0,A/a (11).csv,data/data/A/a (11).csv,66fd9981bb2ae3d3abbc5932a97d500c8e01cb5d11f468ab180ea225d03b50ab,test
A,0,A/a (22).csv,data/data/A/a (22).csv,92f4960c346143ac79c520e6d134e698f70164241398dae14303f42862d68ac8,test
A,0,A/a (26).csv,data/data/A/a (26).csv,75e7136e932c811aba2954157b4211be983d78d432874449f296e6371d7eeebe,test
A,0,A/a (31).csv,data/data/A/a (31).csv,12430a2ee1237b6c1839963b0e7228f1292489665761508c605d381d4c6a3da8,test
A,0,A/a (33).csv,data/data/A/a (33).csv,ef40f6a916a72cba48aad95d65bdc66436064e6adc77b40daca9b97484c15390,test
A,0,A/a (42).csv,data/data/A/a (42).csv,87e56e5c2d9a84752d157fc2e42a1674dc3472513f6cfdf694c56e769c11634a,test
A,0,A/a (47).csv,data/data/A/a (47).csv,c31ef4427e3c4fad6a10eeb2497bea7d75126c4c365d685caf633f4a1bbf2d3d,test
A,0,A/a (6).csv,data/data/A/a (6).csv,f0d3898a4f2a3dacabc70a4d1572c5aacd45278a7c3323c1bd25521678f0829c,test
A,0,A/a (8).csv,data/data/A/a (8).csv,f8ed56f6a6dbbd95199843a79f1368bcbb91f067f495171819b5d6eff2747d68,test
A,0,A/a (9).csv,data/data/A/a (9).csv,f03e9e0faa27b3cc41103474061adbe0c960dc34f82ef02c0acbbaef17bd04a0,test
B,1,B/b (10).csv,data/data/B/b (10).csv,b1cb0a5ed49eae7972a1ec374ec0ce0576d9aa611401f6e3d9b4dc41a3b02d7f,test
B,1,B/b (11).csv,data/data/B/b (11).csv,7b4cdf2b8bdc31fd399a071b64d05b1e4eef19712ed3b84e018b15a9f08cb26e,test
B,1,B/b (12).csv,data/data/B/b (12).csv,97a1ace26862bb2551dca35f192ca5ec92bc72e043bf4111f7711e8da3b0fc57,test
B,1,B/b (26).csv,data/data/B/b (26).csv,c7ccd86d5fc213c06f05e926413eafb10967552c56f0a7b443aad12e754b076e,test
B,1,B/b (3).csv,data/data/B/b (3).csv,00e26958a0c8f812058379c788309236fc9a668c749e2f61001b447b2abc7bb5,test
B,1,B/b (33).csv,data/data/B/b (33).csv,f9f7b8771525785497d6566ead81953bec052b5cf1c03971cfd74224edfd48c5,test
B,1,B/b (36).csv,data/data/B/b (36).csv,d7d613d2186f4de0d6003bb40b0addc08973193d028f0268a1d5df1ba2fb97d3,test
B,1,B/b (46).csv,data/data/B/b (46).csv,c0adeb41ea1f7bad189813bf0e9a524caac41325b59d2167721b0fcf7b7bb3b2,test
B,1,B/b (47).csv,data/data/B/b (47).csv,5c319e9e44a0bd92124c18b3fa7660764cadd6ab04f06d4426870512a0e3240a,test
B,1,B/b (5).csv,data/data/B/b (5).csv,4cdd2290df2e2bfe2e57f3fecfad05a0fd1d56d9ec2166ad3b3518c0f8e26f75,test
C,2,C/c (12).csv,data/data/C/c (12).csv,5d7722225c7f887620ea248dfc721f79608012eb0c4e4113eb472bf88d17e693,test
C,2,C/c (17).csv,data/data/C/c (17).csv,d5a778a6c65e233c79737f11bbab276b2ca76b2e1088c8f6cc5669cc78948e21,test
C,2,C/c (18).csv,data/data/C/c (18).csv,92070e5a51b29f00605e59c2564158f846fe386d549a9f498d558770051dd1c0,test
C,2,C/c (22).csv,data/data/C/c (22).csv,2eb2a8e7f2be87463692737166b711d1f7c9dc742163aeff76c68f2743fb0c4b,test
C,2,C/c (35).csv,data/data/C/c (35).csv,e8256a1888b06cbfa95484e4d7b01b20d71aefd8a5d5f6b55389dd59ba951fab,test
C,2,C/c (40).csv,data/data/C/c (40).csv,2f4b05a956eff1d0be33da033dc996f2f5ed38c8e79675ca5f4b4b5bd1b3cce8,test
C,2,C/c (42).csv,data/data/C/c (42).csv,3045fca8d4ea493ab5a6eb0c2ee058603d578488dbeaa62e94fcee2d2dbeabe0,test
C,2,C/c (43).csv,data/data/C/c (43).csv,d4cc9721ab55cfdef192e7dcd376ba29deb14f32976c6da1a324125470ea4af1,test
C,2,C/c (44).csv,data/data/C/c (44).csv,928cc9eca010ebaec65d3ae431d1a29e05c0d57ed1813e4cfe88c264e3c39201,test
C,2,C/c (8).csv,data/data/C/c (8).csv,8a4251b7350bcb6d4f68b09d8e7621aa60ff0635d2c46b685ecc0eb1106cbed6,test
D,3,D/d (12).csv,data/data/D/d (12).csv,8953245c526726b872a62975ccd62402b7bf103b103d46a6010da2a4a529189c,test
D,3,D/d (19).csv,data/data/D/d (19).csv,e369681627eb599be71e9a01188880115ce40adf50c68acd73f724645ba4542d,test
D,3,D/d (2).csv,data/data/D/d (2).csv,845d1613ab7859624f85fd6dac7f5430977d3fbcf97624519df6ef571d9716c3,test
D,3,D/d (23).csv,data/data/D/d (23).csv,b5e45eb7aac9c4b2bd9cbcf9cf04adfaecdc4faa771e141ac41524b2f5deb1a9,test
D,3,D/d (25).csv,data/data/D/d (25).csv,b95f4bef937542797fe1fc18f108a19ce8c070d6aa8fdcf1aab0b56dc1badea3,test
D,3,D/d (30).csv,data/data/D/d (30).csv,1c496bd33d2109f217b7b5659791ad36b56f3d244f17a21b323ff4353620d6c5,test
D,3,D/d (31).csv,data/data/D/d (31).csv,dc88eb17f0e4f0e37c7223c957f5fc7da44b32002e7310b5f1374d49b8977c9e,test
D,3,D/d (32).csv,data/data/D/d (32).csv,cd29beeed54d494bc09bb33b08cc200bb9ddd3c73ce0b235fd24594958125ac1,test
D,3,D/d (4).csv,data/data/D/d (4).csv,6572c45b429ba692fa79ecea85de4a374c2da9c826827ad7e2abee237139075b,test
D,3,D/d (40).csv,data/data/D/d (40).csv,b8aa90b8fc87ccdb65c43bbd619e3ac41fe298580bb10a050e771affd562ddfa,test
E,4,E/e (10).csv,data/data/E/e (10).csv,75400a81311e42658817dc94c05fb9f7c511549be2f4ec40636d6d060fbef514,test
E,4,E/e (11).csv,data/data/E/e (11).csv,1248f50a899e06b1daedcc5e55fa8639eb295ad135fa1c9bc21d981dbad4de45,test
E,4,E/e (14).csv,data/data/E/e (14).csv,b1ef1a99fa424510dcfd51e34ef913ba1f22bb4f52b4188f62dc8504b631aaed,test
E,4,E/e (2).csv,data/data/E/e (2).csv,ad8d0b69a749caccafc08403fbdb6e3ee1e79f150a51c7adbb82aff9b770d0ed,test
E,4,E/e (21).csv,data/data/E/e (21).csv,387040097dc2cf5c51207e98e8b4524e94311d70dde6d5c942b5a5c278507993,test
E,4,E/e (23).csv,data/data/E/e (23).csv,ad3062a9662e5768b0650d7d5b0c650acc0a9a4df7e6d70050774af05bfd892e,test
E,4,E/e (26).csv,data/data/E/e (26).csv,ab176dc815342d9a2d2e9b4e5250b0f1f01f9168b6a832694806d0c320125172,test
E,4,E/e (36).csv,data/data/E/e (36).csv,547cda4c92249ebb28a839de6ba4ca24a91ae203dd44b04ede4eb1a8eb991022,test
E,4,E/e (43).csv,data/data/E/e (43).csv,55457ef1aba57b7f4aad17e552f21dba46badbd125392b60cc7a6de3c702e8dd,test
E,4,E/e (7).csv,data/data/E/e (7).csv,83c2a495ed6e72612b81ca562011faef3b00d73719c7d3cd5a4f56c12ce14fa5,test
A,0,A/a (1).csv,data/data/A/a (1).csv,629a8814d1282ae7eff03e30c9c902a94f283f878d524e67a8c1286e37499472,train
A,0,A/a (10).csv,data/data/A/a (10).csv,5d23a23aa26e4723db9f6c93a0eaf58aa4d537790ef3d04fa7fe304a7ebcbfa8,train
A,0,A/a (12).csv,data/data/A/a (12).csv,04a58b5b2f989248c345e720b693e243dad38eae43241b0a2f27607cbc4cd1a2,train
A,0,A/a (13).csv,data/data/A/a (13).csv,abb62a7a8f923de4dbca0d348c74cba4865d665cfe5ef2be2a7a346554b27722,train
A,0,A/a (14).csv,data/data/A/a (14).csv,0223763c161016de479390bb3af4a3d9b3a7b7742de34008e1b30e45633fd62e,train
A,0,A/a (15).csv,data/data/A/a (15).csv,51dbe6ce26208821205ae8264df7783dc9aaeab1e1040d52170c454b0f386a21,train
A,0,A/a (16).csv,data/data/A/a (16).csv,58809793e1ef6f0fe77e1d50f1a60cc9dc29aaef6a8d53a5225555621510abcb,train
A,0,A/a (17).csv,data/data/A/a (17).csv,9ad229b977f43fa63c73a5d35f264b244575e4de2e5416538777e1d32a82fa7f,train
A,0,A/a (18).csv,data/data/A/a (18).csv,9e757f68e271424cd0575d7e901ee00607fd9f0b6f37b2beb61ccf031fb3c2d7,train
A,0,A/a (19).csv,data/data/A/a (19).csv,ad99598d02f21041423025203b9fd45b93f69b2747cc0f14ec40a30cbcdaa7f8,train
A,0,A/a (2).csv,data/data/A/a (2).csv,947fd4ff79fbce659f6d8221ef55485d162b6d2fa9ee5d9fbecf7c5562465b6c,train
A,0,A/a (20).csv,data/data/A/a (20).csv,44f48804767352c5d22f1baed3b2e4cd2d28d65801bf2c636c48800657f1bb2b,train
A,0,A/a (21).csv,data/data/A/a (21).csv,09b347df8c09e699543cf9c8d4f3f307260bf8608afd163f470596dd715c8dde,train
A,0,A/a (23).csv,data/data/A/a (23).csv,1dd1b755044b2f8e701be5629453c22eb719d7b824cbc5314d2357a621fce613,train
A,0,A/a (24).csv,data/data/A/a (24).csv,7b119e0cf0ec4a8a1c2d17264bc0275a6016bec9e92d43d418dc45fe29a0c3f8,train
A,0,A/a (25).csv,data/data/A/a (25).csv,651e532b701b2e1a7b94317b4906290bf08eb79ef3ca26107924796076ce6ca6,train
A,0,A/a (27).csv,data/data/A/a (27).csv,74cbee95209eed49b456f5384de7692c0df86c56fc488103971a1703ca218fb1,train
A,0,A/a (28).csv,data/data/A/a (28).csv,9ea55aaf2b67432eb0f5bd5e90f4b35ef25fb187ada50d663f09f59fe4f007ab,train
A,0,A/a (29).csv,data/data/A/a (29).csv,db9fffc3e1647b0aa74fc054146c1bdb6c53916e38331edcabef08d54690f98f,train
A,0,A/a (3).csv,data/data/A/a (3).csv,148f7dd062b3575f25e605e417be8b9b8bdb3b8d42f90768b915fa6eb1682c54,train
A,0,A/a (30).csv,data/data/A/a (30).csv,85039e3eb478c9cbcd4fd59b8a47b279c6ebbe2e215a1d9043f187f12dc1cf7f,train
A,0,A/a (32).csv,data/data/A/a (32).csv,cbb03d7c20baa61e1abfa6d7524f45b9dfc1f7ab82cd564ca3c44520b36e631d,train
A,0,A/a (34).csv,data/data/A/a (34).csv,4651b7e2690137ff8cce929606eb94d2e6a61a360e6f730a84f36385ae6143aa,train
A,0,A/a (35).csv,data/data/A/a (35).csv,c56dab67f949c838817146d38c1cb75008eb667643af98954f710a373f3b0985,train
A,0,A/a (36).csv,data/data/A/a (36).csv,b6f2899a3ce41819d10d8a222b794de117e8dadad86a227040b136a5c34d9e9a,train
A,0,A/a (37).csv,data/data/A/a (37).csv,c2edf7bd2b8a6241d861d96ad1ec8e79f18f5b5fd189c9734b618648966edac6,train
A,0,A/a (38).csv,data/data/A/a (38).csv,ec9b8515beb2cf0572ef0e22f3a333e969c1304191f28f5d47a154a6a07d68fb,train
A,0,A/a (39).csv,data/data/A/a (39).csv,51ae94079574ac7e2d019c68c7225aca371f415c17bdc20087b9a69e52e78568,train
A,0,A/a (4).csv,data/data/A/a (4).csv,f512233060c87d79f4033f9ee2d08893af0e4297e230a4555732090731173736,train
A,0,A/a (40).csv,data/data/A/a (40).csv,affb7566b78fc40df049605515641ef6ba8a8274655ed838059433a24ae99c3b,train
A,0,A/a (41).csv,data/data/A/a (41).csv,89bf954d320dec4b2a299e9a05cf149f431bd52b40e3bdd88f9bbffed8265b55,train
A,0,A/a (43).csv,data/data/A/a (43).csv,086b7d60f53906a088a97098c41fe398363daee715256b7c5839f0367c9b12f8,train
A,0,A/a (44).csv,data/data/A/a (44).csv,a09b75d87582f63249e8df71fb0bed5da91e6b89989157a07cf7b8699d0089ae,train
A,0,A/a (45).csv,data/data/A/a (45).csv,16473d7d47d09cb2be3bec09181703ab126e4fa6e5acc527f7779ac2f6eeb5e1,train
A,0,A/a (46).csv,data/data/A/a (46).csv,c0ab53e80f3e3ca359c3c4e70b77128996cf2bd742f02a765d49099eb41ea55b,train
A,0,A/a (48).csv,data/data/A/a (48).csv,7f344912efa9d21c48476dd7fac66572a513580bfa5641e01935697a07205231,train
A,0,A/a (49).csv,data/data/A/a (49).csv,0e1c9a815c3936f093d1ce71e8fd7446194d2b26799d889d985be7affcd21942,train
A,0,A/a (5).csv,data/data/A/a (5).csv,d8c597d23c8d425fba6d73cf614a8082af6c2e439c126f684c7ec856988d18f5,train
A,0,A/a (50).csv,data/data/A/a (50).csv,76635b998f6b0f1d8cf10ec0f6212436e3563b3fe876804e6cf1a725ea2a2980,train
A,0,A/a (7).csv,data/data/A/a (7).csv,749776eefe3b0a4300f43d6d622f0d68834a42e5e66b529ccd797e6baebf5f6d,train
B,1,B/b (1).csv,data/data/B/b (1).csv,42cddb41d552d31fdf437d732e2f1c661c57caf48bd205dbb16730c7516a254f,train
B,1,B/b (13).csv,data/data/B/b (13).csv,56a2cb4e52378aa9f94626ef8e1c12ec75be04d76af6f3e689365a4f86de2fb6,train
B,1,B/b (14).csv,data/data/B/b (14).csv,d75cc6602ddac1c123457af39cf71ef9dda7ffaf0187e8a87ec9501e5ec0d50d,train
B,1,B/b (15).csv,data/data/B/b (15).csv,e9a0eb7eeb4007d0267d475e926d9d6074d782f1364cb485cfc702c2b8c843ba,train
B,1,B/b (16).csv,data/data/B/b (16).csv,c520e991e9d22bbe9930ffde35aa8a0bfcb0d17fb8535e99c84271b018fda29e,train
B,1,B/b (17).csv,data/data/B/b (17).csv,0a1cb44136b79de0ba5a32b33ef6b4c538d4a91ce4b8aafa4e6bb4aac52dc095,train
B,1,B/b (18).csv,data/data/B/b (18).csv,f2064a2bb7d410261a179184bd998a0761e816230905fe7e5f391ec0dfdef384,train
B,1,B/b (19).csv,data/data/B/b (19).csv,abb0529e9e05f8a7d6f9e3fcc04663707cfb5e46512a72f4034cd9308e472961,train
B,1,B/b (2).csv,data/data/B/b (2).csv,7d951e447ab6882bef8427f239675720a59ad7baf2043e4cd53e4f91264589da,train
B,1,B/b (20).csv,data/data/B/b (20).csv,92ce0de6008843d6b0072cb8799096a7eaab74bd1d0178289b829fe6c6ce56bc,train
B,1,B/b (21).csv,data/data/B/b (21).csv,3c6eb1fa2a1fed50fba39d28aaff5a9020461d5eb4f0273e7d1bbcd65db2ce73,train
B,1,B/b (22).csv,data/data/B/b (22).csv,85e8d2b85c200a61071ea68edbfff7c6ff7a02ab732839600792bba0434f67ae,train
B,1,B/b (23).csv,data/data/B/b (23).csv,52a91a37d03024a1059609d054a0a5916da2cbbf997f46bc65cb9bcdd7b3ac0c,train
B,1,B/b (24).csv,data/data/B/b (24).csv,decc0c56960ba890c218be853c065dccaca3e53d65c460bc888b15c598077375,train
B,1,B/b (25).csv,data/data/B/b (25).csv,f572e5cca7c6c30c12fdec2d18d09c32c10a53462d24f147a9a57f96a637e2e1,train
B,1,B/b (27).csv,data/data/B/b (27).csv,396ee1b4a2cf9829e0562f2fb1478e6d220c33eca9f738a54cac616ae547c664,train
B,1,B/b (28).csv,data/data/B/b (28).csv,7a13adcecd6689bdf5992e01db4a118e739a4b01205992166ff083cf5409fb27,train
B,1,B/b (29).csv,data/data/B/b (29).csv,e777ad59039ef2e6a2b809ea9beae6da9e3ecaec22c436eec5c3f88cba0624af,train
B,1,B/b (30).csv,data/data/B/b (30).csv,a2545b3f43e394c651c25421dcaebac3bc8be2cca5f075e5a20b6d71a84143cf,train
B,1,B/b (31).csv,data/data/B/b (31).csv,01930e38ff368c12131c8b901bc3da0e5247513eb0996a356331a675a78cc934,train
B,1,B/b (32).csv,data/data/B/b (32).csv,2b9cc8572a2f99a5c87f1c19367305cbdcb9c1ec9a9747b08df8266f0ebe6b93,train
B,1,B/b (34).csv,data/data/B/b (34).csv,c53717f8ecac3fb72ce1e5900c9c3d650cc41ee7e7dc083b09917b39eb4e3c09,train
B,1,B/b (35).csv,data/data/B/b (35).csv,c499639f4ba487757af8ab6b95e47200eff61f30df07106092e3c74f3e026f6f,train
B,1,B/b (37).csv,data/data/B/b (37).csv,4c558baaaede77c5b475246302dd280aa56207c2566e88eb033507a298745b07,train
B,1,B/b (38).csv,data/data/B/b (38).csv,b1af0c385667cf0abbc9a8cdbfedc97042b8ff4ce5e6114768c20918e2fdd06a,train
B,1,B/b (39).csv,data/data/B/b (39).csv,b6849a6ffc0a334a00d4e745a7e86ec134ed26fca1474247f4b85d8795bef3fc,train
B,1,B/b (4).csv,data/data/B/b (4).csv,f2937e460fc1116bc60a5a8f7e4d8d6d9bad9ff7575895cc44c8fab827bb78f0,train
B,1,B/b (40).csv,data/data/B/b (40).csv,58efeadf520c797c2f2f1a4c94e30751fbd3f34b315062613c635bb14fc452a0,train
B,1,B/b (41).csv,data/data/B/b (41).csv,4da3366668addab5b7901e5457843d24eaa425d0f81de98d64fa25557470a1f3,train
B,1,B/b (42).csv,data/data/B/b (42).csv,f4dc4dcbca012112f16c0d1c111fe95534444eebc11d2e19e23f8b93dcb3a299,train
B,1,B/b (43).csv,data/data/B/b (43).csv,265f89bdc0185db6080e5e83c5f03365b2d1a09d710f8c2610ffd2c0fcfc3394,train
B,1,B/b (44).csv,data/data/B/b (44).csv,1f1fbd7200ad1742669c403dd4b2351af918450d47423191f8cb37230104a934,train
B,1,B/b (45).csv,data/data/B/b (45).csv,df7e8a4ec398677f4a4cb337b6bf05be188e918e0b84961b1f1a5a89df6e2af9,train
B,1,B/b (48).csv,data/data/B/b (48).csv,941222fb24bd1363725b888359f8d1f0cca8ca75445de4b9954e82dfa2354483,train
B,1,B/b (49).csv,data/data/B/b (49).csv,14916aed30d781754138ed1fde133730054535950cd34805ee71cce50aa97622,train
B,1,B/b (50).csv,data/data/B/b (50).csv,dae9084dbac7f986ac9839cf4e1de5dfb46fca317b170a1f5490a053e46b2f1f,train
B,1,B/b (6).csv,data/data/B/b (6).csv,ff78524b10252062a457647eac2f044f7c38be836237dfb2106be1e717e3e4f6,train
B,1,B/b (7).csv,data/data/B/b (7).csv,8df27cbc7cdb2456ab16dcd7fdf327cd2f7b0be7c3185894986a785d3815332e,train
B,1,B/b (8).csv,data/data/B/b (8).csv,f21290c01db7c64a98e84e55bafbace59e3b24bfe5c1550482399225d700ed61,train
B,1,B/b (9).csv,data/data/B/b (9).csv,d4dd3b940c26bd098730030379ee0493b258c0400fcb1fe1ca8d10ceb431cb9a,train
C,2,C/c (1).csv,data/data/C/c (1).csv,92ee85eca28cf586482b903b9e50c11bde114fbb1ded2229151b4ae6abeddac4,train
C,2,C/c (10).csv,data/data/C/c (10).csv,f01ca30434f4242298fca2b1628400e1ef6c971ce208cf8a6583f0b57577ae71,train
C,2,C/c (11).csv,data/data/C/c (11).csv,6c48786fce0da3dba51f76de88ad46d65e4280a2f93ffd975e929a50095e02e0,train
C,2,C/c (13).csv,data/data/C/c (13).csv,41597789a0f17b454e917dfe3243b7ec44a5f3047e9b12a7515ee2eabf0e89b3,train
C,2,C/c (14).csv,data/data/C/c (14).csv,cc5daabcf098390a358624c9c3e5ba007a622d1f2bb343fcfbe0ab6174b3fb20,train
C,2,C/c (15).csv,data/data/C/c (15).csv,b7a2d6c454a7114f3da0a00187b023888de37e10ac8df69fa5b2eadae6fc3249,train
C,2,C/c (16).csv,data/data/C/c (16).csv,ac4dd743dc3c8ee850892e349160c477d38d691cafaa56ee6b6e36c70ee176d1,train
C,2,C/c (19).csv,data/data/C/c (19).csv,20da03f73caf3ae9394f22839ba9afc49e6c5b812d6137b4316f673183327eb8,train
C,2,C/c (2).csv,data/data/C/c (2).csv,3513f419358efcf5cfc742183899a59ca1abcb9178ac9eb3f8dba4d785ee9569,train
C,2,C/c (20).csv,data/data/C/c (20).csv,c385eec6f52c295748d230c00490682c2ea94e9db0dea1ce0307953cfd387343,train
C,2,C/c (21).csv,data/data/C/c (21).csv,944f73652ad7ed095862ffd98fb30f1af12a852159d6959c863b5660699b33fb,train
C,2,C/c (23).csv,data/data/C/c (23).csv,923a632b71b2a775f1ac8670aeea8a147e1f752178fc41609148140e34cc1450,train
C,2,C/c (24).csv,data/data/C/c (24).csv,6d1a4ffe2329711e41cfbaa209804ec1024defe09a0b4cdcf4f7175c19226a1f,train
C,2,C/c (25).csv,data/data/C/c (25).csv,350121e3beb2b4237a681d8bfa97d63dc6d1ac4adf1479ecb85717507679192c,train
C,2,C/c (26).csv,data/data/C/c (26).csv,86431e3dd325921a9f086bdc95ddf7c2342c32c9fd6e534097a769ea88b72428,train
C,2,C/c (27).csv,data/data/C/c (27).csv,6d710e1e2be32fcd9b2ae404aec51b7bcf3ea3b1611a95a1c3354ba75c537732,train
C,2,C/c (28).csv,data/data/C/c (28).csv,ec1cd8f6c3b468a00f67d9fe68b681aea981719f0b61b7775d993b827686c2ab,train
C,2,C/c (29).csv,data/data/C/c (29).csv,1c1d85d72b55ad86b91ddb08351166c35cd8b175d6aad15d9ef3ba92bcce4a91,train
C,2,C/c (3).csv,data/data/C/c (3).csv,3a268a369e897cd545f75bf5d898be5db1cba5b6c035634bac18bf4d09593697,train
C,2,C/c (30).csv,data/data/C/c (30).csv,6d2da38b0e91e73df9fddfdb49daac89d794800a6865df097c77773457a0e673,train
C,2,C/c (31).csv,data/data/C/c (31).csv,6562bbb53320810980997507be903be490dfb15aa1fa1bc13e8044f082832392,train
C,2,C/c (32).csv,data/data/C/c (32).csv,204801f01985e340d3dd651127b699b1ac72c4c9277a22ac73f406eae4a43e09,train
C,2,C/c (33).csv,data/data/C/c (33).csv,585bf856ebc8e3773fd99ebece9f0bb6f75544e6f7dd95693b0a36bc11942c04,train
C,2,C/c (34).csv,data/data/C/c (34).csv,80ca2e81bc66f26f59417ac33035620f81fb3d82d0f81ca5bae1011a888dbf5a,train
C,2,C/c (36).csv,data/data/C/c (36).csv,b8b67404acead9f02704374faec03f035de48365e4a2e2905b476be0b142b1f2,train
C,2,C/c (37).csv,data/data/C/c (37).csv,6ee36706ecf8ebd3dbeb417d1a60725fb26a0533e50981b3e67b6491aae04a90,train
C,2,C/c (38).csv,data/data/C/c (38).csv,7ad5c0246f5037d980133532dbbb6e297ed91459939670e5f18a13b44cd0c658,train
C,2,C/c (39).csv,data/data/C/c (39).csv,87fbcc397456e9bd1e66edd06da9972afc5c1d40c7c85699a14d1dcb8cb0d7fe,train
C,2,C/c (4).csv,data/data/C/c (4).csv,c85d119a3a6c8d38f69e470c78fdebb755b8f58e191639af3a93a1ae183cc2cc,train
C,2,C/c (41).csv,data/data/C/c (41).csv,23d9d3af72231be89d9e1f8decc66646500232e84e088de47538aeed7de22899,train
C,2,C/c (45).csv,data/data/C/c (45).csv,da95666e708dbc15941f2ab79028ad78fbc9abf153b04ee424adff355da397de,train
C,2,C/c (46).csv,data/data/C/c (46).csv,94115e282ead2893f287e5a67501ad59893d7ff649975998aaafffe9b27926e7,train
C,2,C/c (47).csv,data/data/C/c (47).csv,847ce97468b2f88d5b3c97eb1824f75731c5ebc46b5bf18b41bcb5bd547c6313,train
C,2,C/c (48).csv,data/data/C/c (48).csv,00eb344d97320fdf32f0ca5ce8eb08f910b542e5bf55f2df8748238093e16ca9,train
C,2,C/c (49).csv,data/data/C/c (49).csv,6e0b37f54dd0e758f0bd22bc372d172ec426c96d96d0efabfc425c624b763074,train
C,2,C/c (5).csv,data/data/C/c (5).csv,6411cecab3e87b7aa4fc5d11da242f64b4cd746c90355c7c3740dd8292de1e30,train
C,2,C/c (50).csv,data/data/C/c (50).csv,d7bb1f01f7a47d72ef21b6fc0bc61cd448b0cdbe4f2da738ae2dd5b58169522d,train
C,2,C/c (6).csv,data/data/C/c (6).csv,456c685dfeccfe45df700afefbd5cf0bc96b2231226f1a8c5fe656fd50ae9989,train
C,2,C/c (7).csv,data/data/C/c (7).csv,2adaf9a78163a70515f5f3aeefc642d379fad4bfacad69d13bf6842d13b059a3,train
C,2,C/c (9).csv,data/data/C/c (9).csv,e9fb9409a7b9fb108e1f1e5fe69a47870c678ac7c6f3236faba672e1f8d1a216,train
D,3,D/d (1).csv,data/data/D/d (1).csv,fed3b336c7cea01f0c2a5a47477e57ed6eb70514f98fdb6f934a2048da2553b4,train
D,3,D/d (10).csv,data/data/D/d (10).csv,4d0c6757386428b5feec7a6984a8ecd60ced47181518e9513420139e5ab91814,train
D,3,D/d (11).csv,data/data/D/d (11).csv,154e27cc2186d63b319a67c65c976a18f0e21663faaa94ddbf11dbdf1cc1be73,train
D,3,D/d (13).csv,data/data/D/d (13).csv,38e1e4b6a1881d5d90f1918ba303218ff2dfa6adc07bcca53c26fd01facd1d1f,train
D,3,D/d (14).csv,data/data/D/d (14).csv,d7bdfc7387a2ae229a8017214259e9d15f35cf87f94e5d21b16c76eacde88739,train
D,3,D/d (15).csv,data/data/D/d (15).csv,59944b3d3a63b92d5ef19c922761cb6a555a1a1382708d109faffb59ad969b1a,train
D,3,D/d (16).csv,data/data/D/d (16).csv,5e7faa7cf54ca6aa746be4e5cd136a92e4daedb83195f3d104a5e2217d305a51,train
D,3,D/d (17).csv,data/data/D/d (17).csv,07ad82e53c25521ace30c7327296d1274190218240a3344aadbabfd34d79995a,train
D,3,D/d (18).csv,data/data/D/d (18).csv,5f376994aa0364e6119218ae846011ed6e7998b27e3893eda09d5f23f564708d,train
D,3,D/d (20).csv,data/data/D/d (20).csv,80b81711659bab994c38d0280108ade741fb49663ea74a8c7453711a8b7e16fb,train
D,3,D/d (21).csv,data/data/D/d (21).csv,d8ee3e2a0ce054079855efb9041e2ef76f9a0eea826c32049d7f8358472e8db0,train
D,3,D/d (22).csv,data/data/D/d (22).csv,b2d2530f50b4a673b39fcb4769efbfc8a1ec0ee3d7492c08b9f82fe08ff32190,train
D,3,D/d (24).csv,data/data/D/d (24).csv,4db77dc1afecc1f03e3971fa341d659bb1321da0e53c0d3a3a2c43f66831c059,train
D,3,D/d (26).csv,data/data/D/d (26).csv,6632beccb84c15e449861f9050f29ddda91a71a3dfb12c22c71bdcde039a537f,train
D,3,D/d (27).csv,data/data/D/d (27).csv,1e367d8c8bab86c9aab2b2b67262a84493fb30740236b45bb5b13fab17380ec1,train
D,3,D/d (28).csv,data/data/D/d (28).csv,6b0fd2f27144c9dfb12981dfe26dd7b816775ffd6b4e78022b2faa43b3041b79,train
D,3,D/d (29).csv,data/data/D/d (29).csv,0d8a737496f130870a3e356c45e92030f4c9138da701bf7158ac513ba95e81f5,train
D,3,D/d (3).csv,data/data/D/d (3).csv,464027e2430f2443849d5a8fcf45c1e8654ef9c7aa5d2060f26657e4e426102b,train
D,3,D/d (33).csv,data/data/D/d (33).csv,429b867c7b7a0f846c9285d547cf13aa62821cd8204fa14e09170f4e5d21dc61,train
D,3,D/d (34).csv,data/data/D/d (34).csv,1fd539b3200eb9244385c62d06deff70d5ffb332cda0894a08726ffb7cb50fc6,train
D,3,D/d (35).csv,data/data/D/d (35).csv,0732427c4d9f6ff41e54416359bd79f2ae8660f565f54001a57982a8d51da7d7,train
D,3,D/d (36).csv,data/data/D/d (36).csv,ee6000d1822b60a914d6f5b2c63622962a08535c64557321536d9d03d2654859,train
D,3,D/d (37).csv,data/data/D/d (37).csv,5b86c5ee1bd81ae71cb7139b24e47bd00a5c51a2d35278e68d89f16b593eb865,train
D,3,D/d (38).csv,data/data/D/d (38).csv,8a8513171dc7d28b79165e5108e55e3fc245fd48894b6d3c93b02d5daea5063e,train
D,3,D/d (39).csv,data/data/D/d (39).csv,c33503273d32ca318cc1c2b5a98f6b19fe9863327eafbef2146a51d7f9277ee9,train
D,3,D/d (41).csv,data/data/D/d (41).csv,132c12a892ff1408a64f68f20c3afb395236328e1fa5bcf9f5d56d57b001d83e,train
D,3,D/d (42).csv,data/data/D/d (42).csv,33a8bd00df074b37df24ad4f3731aaaebbdaeed3f56fed6d233ba8779524e631,train
D,3,D/d (43).csv,data/data/D/d (43).csv,2ad9a4890e3671254a8e40d1f978831b96022ad2262faab2c753c3634c7b69bc,train
D,3,D/d (44).csv,data/data/D/d (44).csv,7cdae2de091da8b4d2041ac69e67b3b0adb8f2449fc42d7f78eb740367809a8a,train
D,3,D/d (45).csv,data/data/D/d (45).csv,645928a9c508ed44a4c744d5cff8c4f74c2fd21ad1db604ca5f5accf531c1e18,train
D,3,D/d (46).csv,data/data/D/d (46).csv,593cb2057755a62537dffda28be7c5ac7dc3a26e193d00451c4f99a4716c2d2a,train
D,3,D/d (47).csv,data/data/D/d (47).csv,23af3c55d259c91f91a57bc029e86da94b882a8d42ed330d84976060e1a02c24,train
D,3,D/d (48).csv,data/data/D/d (48).csv,6a9a804cd19e241a04913c9026266e7a4948dc58084a16aa7b442b96c6ccff27,train
D,3,D/d (49).csv,data/data/D/d (49).csv,f0dcb998578147adde2148a37c9d2862604657fc8a52e32c7ac42e030355d474,train
D,3,D/d (5).csv,data/data/D/d (5).csv,1b030132321b4fe49bc6479f1b29312f52c0a5618579a8a038c52402d9984bc3,train
D,3,D/d (50).csv,data/data/D/d (50).csv,7d16407bf7594674d797ceeb036decf235e84c9e0e3ec9cda0bb20f6a3a300df,train
D,3,D/d (6).csv,data/data/D/d (6).csv,1ef035d4104ff93294a067e63268220f4bd53cd8861beb59c0fb0be32379eba8,train
D,3,D/d (7).csv,data/data/D/d (7).csv,55a5b441a23d0d9d2818de5af8df42d3b04ddfdec96c4b65fe490c0207ef3ec3,train
D,3,D/d (8).csv,data/data/D/d (8).csv,02d808a78788fae13cc8f5227bff4f37f40fbf0d4881a695b662b22301888496,train
D,3,D/d (9).csv,data/data/D/d (9).csv,8220abd4119928ddf52c345bf9445355f9f2431c6f6d70294ec297ca9a4055fd,train
E,4,E/e (1).csv,data/data/E/e (1).csv,ce0c5e3c30fe122c38e73043082ea666228f2aec3521b3551f34ed4c785199ec,train
E,4,E/e (12).csv,data/data/E/e (12).csv,51864ed39dd4b996c70c6f120af8fae40944b9b69817c6858b964b2d7f22eb7c,train
E,4,E/e (13).csv,data/data/E/e (13).csv,3dc176e311a1c902451bc40a2687614ec1b73e224f494636edbf4251b2b73248,train
E,4,E/e (15).csv,data/data/E/e (15).csv,552a84278730b7cc38abf6fb8c71cff59cc6b720621b7569ccc918e3d98aaa98,train
E,4,E/e (16).csv,data/data/E/e (16).csv,c760334571c6337d5f39e09c9e8bb48069336a46da7a8d20c9efe4f97f54b51a,train
E,4,E/e (17).csv,data/data/E/e (17).csv,cca7e8d3df31f4e3ab75b8ff3f36d0e9fa1e198ec93f2eb1a32afae34986c438,train
E,4,E/e (18).csv,data/data/E/e (18).csv,196ff37c295eb057775a046764d0fae1544021a66db66e26dea412418dacbe91,train
E,4,E/e (19).csv,data/data/E/e (19).csv,6f81b192f2069f71abcfb9c298eface7b298f31353c8aa16c6cc30ca15cf8c71,train
E,4,E/e (20).csv,data/data/E/e (20).csv,8d579a79d9c4bc8f47a27f17c5c415f80f43c966bb4f478f188d2e182f819111,train
E,4,E/e (22).csv,data/data/E/e (22).csv,b780de8405a347a15d79f1fcc64870f5614363c5d252b0a2d6e1752e159b6b3e,train
E,4,E/e (24).csv,data/data/E/e (24).csv,48622df9cc0623539538aa0cc02f43d3e2ceb04d17272c5e9f9c4e6b6b605e6b,train
E,4,E/e (25).csv,data/data/E/e (25).csv,87a40d6192568f563faa8b52fc36e0ac683d1f60233159cbfbceef332331b7e1,train
E,4,E/e (27).csv,data/data/E/e (27).csv,4141550e4438fff313210a6e8e404d08ddfd3a48a035376bfff4c843b6540787,train
E,4,E/e (28).csv,data/data/E/e (28).csv,88fccc8e23a42827fb0a958db2f41b86d11ed52859d3823f07d843826be9c1e4,train
E,4,E/e (29).csv,data/data/E/e (29).csv,2167ed1bfa8093ca42347e7d6cfd9d46ac234a70ca400f66c1bc6c2b90568567,train
E,4,E/e (3).csv,data/data/E/e (3).csv,6f4b34524371d5667824b32a732d9549c146f4eebfca83e33d4ffae96f4ae07a,train
E,4,E/e (30).csv,data/data/E/e (30).csv,2aed90055a4e2aafbb0753d5e8da573f39f52f9cf4d2d0aa7a696a29a686e752,train
E,4,E/e (31).csv,data/data/E/e (31).csv,b74c005707d9cb394e55c4e0c3b279aae37ac1e378c0d85b325451cdd6ab5e19,train
E,4,E/e (32).csv,data/data/E/e (32).csv,018d693f73bb6721ae98072916f78f6324ac105199b4a84be8fa86e2587c6ee1,train
E,4,E/e (33).csv,data/data/E/e (33).csv,e141d4ff905144a433a9d2c243d223e823f3c41d3c94a55b71891761b93f0d63,train
E,4,E/e (34).csv,data/data/E/e (34).csv,ceac500d52ca09c77180efd15cdb47075037164a413f323f6a92a709e0c14846,train
E,4,E/e (35).csv,data/data/E/e (35).csv,6fbbecbd76fb2e6be3963bbba52e2f3b26ebc58afe85655acdff241d28d97078,train
E,4,E/e (37).csv,data/data/E/e (37).csv,c45bad2bb56bbbfd2dfb3d8f050c1c04009a90be0754e903b35dc17212ed0b19,train
E,4,E/e (38).csv,data/data/E/e (38).csv,872b43897480a31117a19981f3be54e3eff308b62c1a81d7180475faa7ba3952,train
E,4,E/e (39).csv,data/data/E/e (39).csv,947a05cee827ab1f77155de45c27612b901805b78b315fc1cef452ada243f2e5,train
E,4,E/e (4).csv,data/data/E/e (4).csv,899db49d7197f62c6900453046ecf07ca5bb155ecb931c8f33961f0eada3fa4d,train
E,4,E/e (40).csv,data/data/E/e (40).csv,164fbd3c2cf15a212444ec99271be77bed03bfbd11398daad308a8c65097bd7f,train
E,4,E/e (41).csv,data/data/E/e (41).csv,95bb119d132d201de871734fef4c68a5abd4ac7d77de18c4bfdd39af1aaf5ac5,train
E,4,E/e (42).csv,data/data/E/e (42).csv,30c622d0321bc2d9493fe1664db59acecc86eb51ddfef0f707b561dbd4522cf2,train
E,4,E/e (44).csv,data/data/E/e (44).csv,b8ec4183afac07e340ff2dad81e34b5f85938c4deda823505ef94ac48046fd8f,train
E,4,E/e (45).csv,data/data/E/e (45).csv,c2f8e7acecf9f1bd5e9d50c9e0185f123ca4d2d860e43370b4d27591f5ccabc5,train
E,4,E/e (46).csv,data/data/E/e (46).csv,05e4d52c8c964f81ec79aeffa8d20dfe979f7d8df785343296320f19b11b64a0,train
E,4,E/e (47).csv,data/data/E/e (47).csv,54a60cc3b4d22dfaa6876ab92c97be968d960999725d15f8e7c04b9cb219e4f9,train
E,4,E/e (48).csv,data/data/E/e (48).csv,df025687a68369be1ee551d780e1a4b0263b4fcc5b4fa041ab4695046a991685,train
E,4,E/e (49).csv,data/data/E/e (49).csv,66df462e3337217c69211f7dd45a21f8e0c80098150c46f131a52404883fd951,train
E,4,E/e (5).csv,data/data/E/e (5).csv,abdaee7f0ab0590b84bf6ff6b2aba17f28b468ee203eecf1ae25cff0e8bbdf13,train
E,4,E/e (50).csv,data/data/E/e (50).csv,872b43897480a31117a19981f3be54e3eff308b62c1a81d7180475faa7ba3952,train
E,4,E/e (6).csv,data/data/E/e (6).csv,61a4ee2d21fc5ebb9f72be46561b2e82e0df6322d4f02a4550b0560ea98296c0,train
E,4,E/e (8).csv,data/data/E/e (8).csv,08f61e6ba68dcfe6dc102fab9aac23b6a0df58c2562fa624b9984ec00cb2e20a,train
E,4,E/e (9).csv,data/data/E/e (9).csv,35154de14e89566bb9210585133c362fb8ccc0e50fb37a584fb2c4a22c4b6471,train
