index,trial_id,subject,start_sample,end_sample,true_label,predicted_label
0,A/a (11).csv,A,0,300,0,0
1,A/a (11).csv,A,150,450,0,0
2,A/a (11).csv,A,300,600,0,0
3,A/a (11).csv,A,450,750,0,0
4,A/a (11).csv,A,600,900,0,0
5,A/a (11).csv,A,750,1050,0,0
6,A/a (11).csv,A,900,1200,0,0
7,A/a (11).csv,A,1050,1350,0,0
8,A/a (11).csv,A,1200,1500,0,0
9,A/a (11).csv,A,1350,1650,0,0
10,A/a (11).csv,A,1500,1800,0,0
11,A/a (11).csv,A,1650,1950,0,0
12,A/a (11).csv,A,1800,2100,0,0
13,A/a (11).csv,A,1950,2250,0,0
14,A/a (11).csv,A,2100,2400,0,0
15,A/a (11).csv,A,2250,2550,0,0
16,A/a (11).csv,A,2400,2700,0,0
17,A/a (11).csv,A,2550,2850,0,0
18,A/a (11).csv,A,2700,3000,0,0
19,A/a (22).csv,A,0,300,0,0
20,A/a (22).csv,A,150,450,0,0
21,A/a (22).csv,A,300,600,0,0
22,A/a (22).csv,A,450,750,0,0
23,A/a (22).csv,A,600,900,0,0
24,A/a (22).csv,A,750,1050,0,0
25,A/a (22).csv,A,900,1200,0,0
26,A/a (22).csv,A,1050,1350,0,0
27,A/a (22).csv,A,1200,1500,0,0
28,A/a (22).csv,A,1350,1650,0,0
29,A/a (22).csv,A,1500,1800,0,0
30,A/a (22).csv,A,1650,1950,0,0
31,A/a (22).csv,A,1800,2100,0,0
32,A/a (22).csv,A,1950,2250,0,0
33,A/a (22).csv,A,2100,2400,0,0
34,A/a (22).csv,A,2250,2550,0,0
35,A/a (22).csv,A,2400,2700,0,0
36,A/a (22).csv,A,2550,2850,0,0
37,A/a (22).csv,A,2700,3000,0,0
38,A/a (26).csv,A,0,300,0,0
39,A/a (26).csv,A,150,450,0,0
40,A/a (26).csv,A,300,600,0,0
41,A/a (26).csv,A,450,750,0,0
42,A/a (26).csv,A,600,900,0,0
43,A/a (26).csv,A,750,1050,0,0
44,A/a (26).csv,A,900,1200,0,0
45,A/a (26).csv,A,1050,1350,0,0
46,A/a (26).csv,A,1200,1500,0,0
47,A/a (26).csv,A,1350,1650,0,0
48,A/a (26).csv,A,1500,1800,0,0
49,A/a (26).csv,A,1650,1950,0,0
50,A/a (26).csv,A,1800,2100,0,0
51,A/a (26).csv,A,1950,2250,0,0
52,A/a (26).csv,A,2100,2400,0,0
53,A/a (26).csv,A,2250,2550,0,0
54,A/a (26).csv,A,2400,2700,0,0
55,A/a (26).csv,A,2550,2850,0,0
56,A/a (26).csv,A,2700,3000,0,0
57,A/a (31).csv,A,0,300,0,0
58,A/a (31).csv,A,150,450,0,0
59,A/a (31).csv,A,300,600,0,0
60,A/a (31).csv,A,450,750,0,0
61,A/a (31).csv,A,600,900,0,0
62,A/a (31).csv,A,750,1050,0,0
63,A/a (31).csv,A,900,1200,0,0
64,A/a (31).csv,A,1050,1350,0,0
65,A/a (31).csv,A,1200,1500,0,0
66,A/a (31).csv,A,1350,1650,0,0
67,A/a (31).csv,A,1500,1800,0,0
68,A/a (31).csv,A,1650,1950,0,0
69,A/a (31).csv,A,1800,2100,0,0
70,A/a (31).csv,A,1950,2250,0,0
71,A/a (31).csv,A,2100,2400,0,0
72,A/a (31).csv,A,2250,2550,0,0
73,A/a (31).csv,A,2400,2700,0,0
74,A/a (31).csv,A,2550,2850,0,0
75,A/a (31).csv,A,2700,3000,0,0
76,A/a (33).csv,A,0,300,0,0
77,A/a (33).csv,A,150,450,0,0
78,A/a (33).csv,A,300,600,0,0
79,A/a (33).csv,A,450,750,0,0
80,A/a (33).csv,A,600,900,0,0
81,A/a (33).csv,A,750,1050,0,0
82,A/a (33).csv,A,900,1200,0,0
83,A/a (33).csv,A,1050,1350,0,0
84,A/a (33).csv,A,1200,1500,0,0
85,A/a (33).csv,A,1350,1650,0,0
86,A/a (33).csv,A,1500,1800,0,0
87,A/a (33).csv,A,1650,1950,0,0
88,A/a (33).csv,A,1800,2100,0,0
89,A/a (33).csv,A,1950,2250,0,0
90,A/a (33).csv,A,2100,2400,0,0
91,A/a (33).csv,A,2250,2550,0,0
92,A/a (33).csv,A,2400,2700,0,0
93,A/a (33).csv,A,2550,2850,0,0
94,A/a (33).csv,A,2700,3000,0,0
95,A/a (42).csv,A,0,300,0,0
96,A/a (42).csv,A,150,450,0,0
97,A/a (42).csv,A,300,600,0,0
98,A/a (42).csv,A,450,750,0,0
99,A/a (42).csv,A,600,900,0,4
100,A/a (42).csv,A,750,1050,0,4
101,A/a (42).csv,A,900,1200,0,0
102,A/a (42).csv,A,1050,1350,0,0
103,A/a (42).csv,A,1200,1500,0,0
104,A/a (42).csv,A,1350,1650,0,0
105,A/a (42).csv,A,1500,1800,0,0
106,A/a (42).csv,A,1650,1950,0,0
107,A/a (42).csv,A,1800,2100,0,0
108,A/a (42).csv,A,1950,2250,0,0
109,A/a (42).csv,A,2100,2400,0,0
110,A/a (42).csv,A,2250,2550,0,0
111,A/a (42).csv,A,2400,2700,0,0
112,A/a (42).csv,A,2550,2850,0,0
113,A/a (42).csv,A,2700,3000,0,0
114,A/a (47).csv,A,0,300,0,0
115,A/a (47).csv,A,150,450,0,0
116,A/a (47).csv,A,300,600,0,0
117,A/a (47).csv,A,450,750,0,0
118,A/a (47).csv,A,600,900,0,0
119,A/a (47).csv,A,750,1050,0,0
120,A/a (47).csv,A,900,1200,0,0
121,A/a (47).csv,A,1050,1350,0,0
122,A/a (47).csv,A,1200,1500,0,0
123,A/a (47).csv,A,1350,1650,0,0
124,A/a (47).csv,A,1500,1800,0,0
125,A/a (47).csv,A,1650,1950,0,0
126,A/a (47).csv,A,1800,2100,0,0
127,A/a (47).csv,A,1950,2250,0,0
128,A/a (47).csv,A,2100,2400,0,0
129,A/a (47).csv,A,2250,2550,0,0
130,A/a (47).csv,A,2400,2700,0,0
131,A/a (47).csv,A,2550,2850,0,0
132,A/a (47).csv,A,2700,3000,0,0
133,A/a (6).csv,A,0,300,0,0
134,A/a (6).csv,A,150,450,0,0
135,A/a (6).csv,A,300,600,0,0
136,A/a (6).csv,A,450,750,0,0
137,A/a (6).csv,A,600,900,0,0
138,A/a (6).csv,A,750,1050,0,0
139,A/a (6).csv,A,900,1200,0,0
140,A/a (6).csv,A,1050,1350,0,0
141,A/a (6).csv,A,1200,1500,0,0
142,A/a (6).csv,A,1350,1650,0,0
143,A/a (6).csv,A,1500,1800,0,0
144,A/a (6).csv,A,1650,1950,0,0
145,A/a (6).csv,A,1800,2100,0,0
146,A/a (6).csv,A,1950,2250,0,0
147,A/a (6).csv,A,2100,2400,0,0
148,A/a (6).csv,A,2250,2550,0,0
149,A/a (6).csv,A,2400,2700,0,0
150,A/a (6).csv,A,2550,2850,0,0
151,A/a (6).csv,A,2700,3000,0,0
152,A/a (8).csv,A,0,300,0,0
153,A/a (8).csv,A,150,450,0,0
154,A/a (8).csv,A,300,600,0,0
155,A/a (8).csv,A,450,750,0,0
156,A/a (8).csv,A,600,900,0,0
157,A/a (8).csv,A,750,1050,0,0
158,A/a (8).csv,A,900,1200,0,0
159,A/a (8).csv,A,1050,1350,0,0
160,A/a (8).csv,A,1200,1500,0,0
161,A/a (8).csv,A,1350,1650,0,0
162,A/a (8).csv,A,1500,1800,0,0
163,A/a (8).csv,A,1650,1950,0,0
164,A/a (8).csv,A,1800,2100,0,0
165,A/a (8).csv,A,1950,2250,0,0
166,A/a (8).csv,A,2100,2400,0,0
167,A/a (8).csv,A,2250,2550,0,0
168,A/a (8).csv,A,2400,2700,0,0
169,A/a (8).csv,A,2550,2850,0,0
170,A/a (8).csv,A,2700,3000,0,0
171,A/a (9).csv,A,0,300,0,0
172,A/a (9).csv,A,150,450,0,0
173,A/a (9).csv,A,300,600,0,0
174,A/a (9).csv,A,450,750,0,0
175,A/a (9).csv,A,600,900,0,0
176,A/a (9).csv,A,750,1050,0,0
177,A/a (9).csv,A,900,1200,0,0
178,A/a (9).csv,A,1050,1350,0,0
179,A/a (9).csv,A,1200,1500,0,0
180,A/a (9).csv,A,1350,1650,0,0
181,A/a (9).csv,A,1500,1800,0,0
182,A/a (9).csv,A,1650,1950,0,0
183,A/a (9).csv,A,1800,2100,0,0
184,A/a (9).csv,A,1950,2250,0,0
185,A/a (9).csv,A,2100,2400,0,0
186,A/a (9).csv,A,2250,2550,0,0
187,A/a (9).csv,A,2400,2700,0,0
188,A/a (9).csv,A,2550,2850,0,0
189,A/a (9).csv,A,2700,3000,0,0
190,B/b (10).csv,B,0,300,1,1
191,B/b (10).csv,B,150,450,1,1
192,B/b (10).csv,B,300,600,1,1
193,B/b (10).csv,B,450,750,1,1
194,B/b (10).csv,B,600,900,1,1
195,B/b (10).csv,B,750,1050,1,1
196,B/b (10).csv,B,900,1200,1,0
197,B/b (10).csv,B,1050,1350,1,0
198,B/b (10).csv,B,1200,1500,1,1
199,B/b (10).csv,B,1350,1650,1,1
200,B/b (10).csv,B,1500,1800,1,1
201,B/b (10).csv,B,1650,1950,1,1
202,B/b (10).csv,B,1800,2100,1,1
203,B/b (10).csv,B,1950,2250,1,1
204,B/b (10).csv,B,2100,2400,1,1
205,B/b (10).csv,B,2250,2550,1,1
206,B/b (10).csv,B,2400,2700,1,1
207,B/b (10).csv,B,2550,2850,1,1
208,B/b (10).csv,B,2700,3000,1,1
209,B/b (11).csv,B,0,300,1,1
210,B/b (11).csv,B,150,450,1,1
211,B/b (11).csv,B,300,600,1,4
212,B/b (11).csv,B,450,750,1,1
213,B/b (11).csv,B,600,900,1,1
214,B/b (11).csv,B,750,1050,1,1
215,B/b (11).csv,B,900,1200,1,1
216,B/b (11).csv,B,1050,1350,1,1
217,B/b (11).csv,B,1200,1500,1,4
218,B/b (11).csv,B,1350,1650,1,1
219,B/b (11).csv,B,1500,1800,1,1
220,B/b (11).csv,B,1650,1950,1,1
221,B/b (11).csv,B,1800,2100,1,1
222,B/b (11).csv,B,1950,2250,1,1
223,B/b (11).csv,B,2100,2400,1,1
224,B/b (11).csv,B,2250,2550,1,1
225,B/b (11).csv,B,2400,2700,1,1
226,B/b (11).csv,B,2550,2850,1,1
227,B/b (11).csv,B,2700,3000,1,1
228,B/b (12).csv,B,0,300,1,1
229,B/b (12).csv,B,150,450,1,1
230,B/b (12).csv,B,300,600,1,1
231,B/b (12).csv,B,450,750,1,1
232,B/b (12).csv,B,600,900,1,2
233,B/b (12).csv,B,750,1050,1,4
234,B/b (12).csv,B,900,1200,1,1
235,B/b (12).csv,B,1050,1350,1,1
236,B/b (12).csv,B,1200,1500,1,1
237,B/b (12).csv,B,1350,1650,1,1
238,B/b (12).csv,B,1500,1800,1,1
239,B/b (12).csv,B,1650,1950,1,1
240,B/b (12).csv,B,1800,2100,1,1
241,B/b (12).csv,B,1950,2250,1,1
242,B/b (12).csv,B,2100,2400,1,1
243,B/b (12).csv,B,2250,2550,1,1
244,B/b (12).csv,B,2400,2700,1,1
245,B/b (12).csv,B,2550,2850,1,2
246,B/b (12).csv,B,2700,3000,1,1
247,B/b (26).csv,B,0,300,1,1
248,B/b (26).csv,B,150,450,1,1
249,B/b (26).csv,B,300,600,1,1
250,B/b (26).csv,B,450,750,1,1
251,B/b (26).csv,B,600,900,1,1
252,B/b (26).csv,B,750,1050,1,1
253,B/b (26).csv,B,900,1200,1,1
254,B/b (26).csv,B,1050,1350,1,2
255,B/b (26).csv,B,1200,1500,1,4
256,B/b (26).csv,B,1350,1650,1,1
257,B/b (26).csv,B,1500,1800,1,1
258,B/b (26).csv,B,1650,1950,1,1
259,B/b (26).csv,B,1800,2100,1,1
260,B/b (26).csv,B,1950,2250,1,1
261,B/b (26).csv,B,2100,2400,1,1
262,B/b (26).csv,B,2250,2550,1,1
263,B/b (26).csv,B,2400,2700,1,1
264,B/b (26).csv,B,2550,2850,1,1
265,B/b (26).csv,B,2700,3000,1,1
266,B/b (3).csv,B,0,300,1,1
267,B/b (3).csv,B,150,450,1,1
268,B/b (3).csv,B,300,600,1,3
269,B/b (3).csv,B,450,750,1,1
270,B/b (3).csv,B,600,900,1,1
271,B/b (3).csv,B,750,1050,1,1
272,B/b (3).csv,B,900,1200,1,0
273,B/b (3).csv,B,1050,1350,1,1
274,B/b (3).csv,B,1200,1500,1,1
275,B/b (3).csv,B,1350,1650,1,1
276,B/b (3).csv,B,1500,1800,1,1
277,B/b (3).csv,B,1650,1950,1,1
278,B/b (3).csv,B,1800,2100,1,1
279,B/b (3).csv,B,1950,2250,1,1
280,B/b (3).csv,B,2100,2400,1,1
281,B/b (3).csv,B,2250,2550,1,1
282,B/b (3).csv,B,2400,2700,1,1
283,B/b (3).csv,B,2550,2850,1,1
284,B/b (3).csv,B,2700,3000,1,4
285,B/b (33).csv,B,0,300,1,1
286,B/b (33).csv,B,150,450,1,1
287,B/b (33).csv,B,300,600,1,1
288,B/b (33).csv,B,450,750,1,1
289,B/b (33).csv,B,600,900,1,1
290,B/b (33).csv,B,750,1050,1,1
291,B/b (33).csv,B,900,1200,1,1
292,B/b (33).csv,B,1050,1350,1,1
293,B/b (33).csv,B,1200,1500,1,1
294,B/b (33).csv,B,1350,1650,1,1
295,B/b (33).csv,B,1500,1800,1,1
296,B/b (33).csv,B,1650,1950,1,1
297,B/b (33).csv,B,1800,2100,1,1
298,B/b (33).csv,B,1950,2250,1,1
299,B/b (33).csv,B,2100,2400,1,1
300,B/b (33).csv,B,2250,2550,1,1
301,B/b (33).csv,B,2400,2700,1,1
302,B/b (33).csv,B,2550,2850,1,1
303,B/b (33).csv,B,2700,3000,1,1
304,B/b (36).csv,B,0,300,1,1
305,B/b (36).csv,B,150,450,1,1
306,B/b (36).csv,B,300,600,1,1
307,B/b (36).csv,B,450,750,1,1
308,B/b (36).csv,B,600,900,1,2
309,B/b (36).csv,B,750,1050,1,1
310,B/b (36).csv,B,900,1200,1,0
311,B/b (36).csv,B,1050,1350,1,1
312,B/b (36).csv,B,1200,1500,1,1
313,B/b (36).csv,B,1350,1650,1,1
314,B/b (36).csv,B,1500,1800,1,1
315,B/b (36).csv,B,1650,1950,1,1
316,B/b (36).csv,B,1800,2100,1,1
317,B/b (36).csv,B,1950,2250,1,1
318,B/b (36).csv,B,2100,2400,1,1
319,B/b (36).csv,B,2250,2550,1,1
320,B/b (36).csv,B,2400,2700,1,1
321,B/b (36).csv,B,2550,2850,1,1
322,B/b (36).csv,B,2700,3000,1,1
323,B/b (46).csv,B,0,300,1,1
324,B/b (46).csv,B,150,450,1,1
325,B/b (46).csv,B,300,600,1,1
326,B/b (46).csv,B,450,750,1,1
327,B/b (46).csv,B,600,900,1,2
328,B/b (46).csv,B,750,1050,1,3
329,B/b (46).csv,B,900,1200,1,2
330,B/b (46).csv,B,1050,1350,1,2
331,B/b (46).csv,B,1200,1500,1,2
332,B/b (46).csv,B,1350,1650,1,3
333,B/b (46).csv,B,1500,1800,1,3
334,B/b (46).csv,B,1650,1950,1,3
335,B/b (46).csv,B,1800,2100,1,3
336,B/b (46).csv,B,1950,2250,1,3
337,B/b (46).csv,B,2100,2400,1,4
338,B/b (46).csv,B,2250,2550,1,3
339,B/b (46).csv,B,2400,2700,1,3
340,B/b (46).csv,B,2550,2850,1,3
341,B/b (46).csv,B,2700,3000,1,1
342,B/b (47).csv,B,0,300,1,1
343,B/b (47).csv,B,150,450,1,1
344,B/b (47).csv,B,300,600,1,1
345,B/b (47).csv,B,450,750,1,1
346,B/b (47).csv,B,600,900,1,1
347,B/b (47).csv,B,750,1050,1,2
348,B/b (47).csv,B,900,1200,1,1
349,B/b (47).csv,B,1050,1350,1,1
350,B/b (47).csv,B,1200,1500,1,3
351,B/b (47).csv,B,1350,1650,1,1
352,B/b (47).csv,B,1500,1800,1,3
353,B/b (47).csv,B,1650,1950,1,3
354,B/b (47).csv,B,1800,2100,1,1
355,B/b (47).csv,B,1950,2250,1,2
356,B/b (47).csv,B,2100,2400,1,4
357,B/b (47).csv,B,2250,2550,1,4
358,B/b (47).csv,B,2400,2700,1,4
359,B/b (47).csv,B,2550,2850,1,3
360,B/b (47).csv,B,2700,3000,1,1
361,B/b (5).csv,B,0,300,1,1
362,B/b (5).csv,B,150,450,1,1
363,B/b (5).csv,B,300,600,1,1
364,B/b (5).csv,B,450,750,1,3
365,B/b (5).csv,B,600,900,1,3
366,B/b (5).csv,B,750,1050,1,1
367,B/b (5).csv,B,900,1200,1,4
368,B/b (5).csv,B,1050,1350,1,4
369,B/b (5).csv,B,1200,1500,1,1
370,B/b (5).csv,B,1350,1650,1,1
371,B/b (5).csv,B,1500,1800,1,1
372,B/b (5).csv,B,1650,1950,1,1
373,B/b (5).csv,B,1800,2100,1,1
374,B/b (5).csv,B,1950,2250,1,1
375,B/b (5).csv,B,2100,2400,1,1
376,B/b (5).csv,B,2250,2550,1,1
377,B/b (5).csv,B,2400,2700,1,1
378,B/b (5).csv,B,2550,2850,1,1
379,B/b (5).csv,B,2700,3000,1,1
380,C/c (12).csv,C,0,300,2,2
381,C/c (12).csv,C,150,450,2,2
382,C/c (12).csv,C,300,600,2,3
383,C/c (12).csv,C,450,750,2,2
384,C/c (12).csv,C,600,900,2,2
385,C/c (12).csv,C,750,1050,2,2
386,C/c (12).csv,C,900,1200,2,2
387,C/c (12).csv,C,1050,1350,2,2
388,C/c (12).csv,C,1200,1500,2,2
389,C/c (12).csv,C,1350,1650,2,2
390,C/c (12).csv,C,1500,1800,2,2
391,C/c (12).csv,C,1650,1950,2,2
392,C/c (12).csv,C,1800,2100,2,2
393,C/c (12).csv,C,1950,2250,2,2
394,C/c (12).csv,C,2100,2400,2,2
395,C/c (12).csv,C,2250,2550,2,2
396,C/c (12).csv,C,2400,2700,2,2
397,C/c (12).csv,C,2550,2850,2,2
398,C/c (12).csv,C,2700,3000,2,2
399,C/c (17).csv,C,0,300,2,2
400,C/c (17).csv,C,150,450,2,2
401,C/c (17).csv,C,300,600,2,4
402,C/c (17).csv,C,450,750,2,3
403,C/c (17).csv,C,600,900,2,3
404,C/c (17).csv,C,750,1050,2,2
405,C/c (17).csv,C,900,1200,2,2
406,C/c (17).csv,C,1050,1350,2,2
407,C/c (17).csv,C,1200,1500,2,2
408,C/c (17).csv,C,1350,1650,2,2
409,C/c (17).csv,C,1500,1800,2,2
410,C/c (17).csv,C,1650,1950,2,4
411,C/c (17).csv,C,1800,2100,2,4
412,C/c (17).csv,C,1950,2250,2,1
413,C/c (17).csv,C,2100,2400,2,1
414,C/c (17).csv,C,2250,2550,2,2
415,C/c (17).csv,C,2400,2700,2,2
416,C/c (17).csv,C,2550,2850,2,2
417,C/c (17).csv,C,2700,3000,2,2
418,C/c (18).csv,C,0,300,2,2
419,C/c (18).csv,C,150,450,2,1
420,C/c (18).csv,C,300,600,2,3
421,C/c (18).csv,C,450,750,2,2
422,C/c (18).csv,C,600,900,2,2
423,C/c (18).csv,C,750,1050,2,2
424,C/c (18).csv,C,900,1200,2,2
425,C/c (18).csv,C,1050,1350,2,2
426,C/c (18).csv,C,1200,1500,2,2
427,C/c (18).csv,C,1350,1650,2,2
428,C/c (18).csv,C,1500,1800,2,2
429,C/c (18).csv,C,1650,1950,2,3
430,C/c (18).csv,C,1800,2100,2,2
431,C/c (18).csv,C,1950,2250,2,2
432,C/c (18).csv,C,2100,2400,2,2
433,C/c (18).csv,C,2250,2550,2,3
434,C/c (18).csv,C,2400,2700,2,2
435,C/c (18).csv,C,2550,2850,2,2
436,C/c (18).csv,C,2700,3000,2,1
437,C/c (22).csv,C,0,300,2,2
438,C/c (22).csv,C,150,450,2,2
439,C/c (22).csv,C,300,600,2,2
440,C/c (22).csv,C,450,750,2,4
441,C/c (22).csv,C,600,900,2,1
442,C/c (22).csv,C,750,1050,2,2
443,C/c (22).csv,C,900,1200,2,2
444,C/c (22).csv,C,1050,1350,2,2
445,C/c (22).csv,C,1200,1500,2,1
446,C/c (22).csv,C,1350,1650,2,1
447,C/c (22).csv,C,1500,1800,2,2
448,C/c (22).csv,C,1650,1950,2,2
449,C/c (22).csv,C,1800,2100,2,2
450,C/c (22).csv,C,1950,2250,2,2
451,C/c (22).csv,C,2100,2400,2,2
452,C/c (22).csv,C,2250,2550,2,2
453,C/c (22).csv,C,2400,2700,2,2
454,C/c (22).csv,C,2550,2850,2,2
455,C/c (22).csv,C,2700,3000,2,1
456,C/c (35).csv,C,0,300,2,2
457,C/c (35).csv,C,150,450,2,2
458,C/c (35).csv,C,300,600,2,1
459,C/c (35).csv,C,450,750,2,2
460,C/c (35).csv,C,600,900,2,1
461,C/c (35).csv,C,750,1050,2,2
462,C/c (35).csv,C,900,1200,2,3
463,C/c (35).csv,C,1050,1350,2,3
464,C/c (35).csv,C,1200,1500,2,4
465,C/c (35).csv,C,1350,1650,2,2
466,C/c (35).csv,C,1500,1800,2,2
467,C/c (35).csv,C,1650,1950,2,2
468,C/c (35).csv,C,1800,2100,2,2
469,C/c (35).csv,C,1950,2250,2,2
470,C/c (35).csv,C,2100,2400,2,2
471,C/c (35).csv,C,2250,2550,2,2
472,C/c (35).csv,C,2400,2700,2,3
473,C/c (35).csv,C,2550,2850,2,1
474,C/c (35).csv,C,2700,3000,2,1
475,C/c (40).csv,C,0,300,2,1
476,C/c (40).csv,C,150,450,2,2
477,C/c (40).csv,C,300,600,2,2
478,C/c (40).csv,C,450,750,2,3
479,C/c (40).csv,C,600,900,2,3
480,C/c (40).csv,C,750,1050,2,3
481,C/c (40).csv,C,900,1200,2,2
482,C/c (40).csv,C,1050,1350,2,2
483,C/c (40).csv,C,1200,1500,2,2
484,C/c (40).csv,C,1350,1650,2,2
485,C/c (40).csv,C,1500,1800,2,2
486,C/c (40).csv,C,1650,1950,2,2
487,C/c (40).csv,C,1800,2100,2,2
488,C/c (40).csv,C,1950,2250,2,2
489,C/c (40).csv,C,2100,2400,2,2
490,C/c (40).csv,C,2250,2550,2,2
491,C/c (40).csv,C,2400,2700,2,2
492,C/c (40).csv,C,2550,2850,2,2
493,C/c (40).csv,C,2700,3000,2,2
494,C/c (42).csv,C,0,300,2,1
495,C/c (42).csv,C,150,450,2,2
496,C/c (42).csv,C,300,600,2,1
497,C/c (42).csv,C,450,750,2,1
498,C/c (42).csv,C,600,900,2,1
499,C/c (42).csv,C,750,1050,2,2
500,C/c (42).csv,C,900,1200,2,2
501,C/c (42).csv,C,1050,1350,2,2
502,C/c (42).csv,C,1200,1500,2,2
503,C/c (42).csv,C,1350,1650,2,2
504,C/c (42).csv,C,1500,1800,2,2
505,C/c (42).csv,C,1650,1950,2,2
506,C/c (42).csv,C,1800,2100,2,2
507,C/c (42).csv,C,1950,2250,2,2
508,C/c (42).csv,C,2100,2400,2,2
509,C/c (42).csv,C,2250,2550,2,2
510,C/c (42).csv,C,2400,2700,2,2
511,C/c (42).csv,C,2550,2850,2,1
512,C/c (42).csv,C,2700,3000,2,2
513,C/c (43).csv,C,0,300,2,2
514,C/c (43).csv,C,150,450,2,2
515,C/c (43).csv,C,300,600,2,2
516,C/c (43).csv,C,450,750,2,2
517,C/c (43).csv,C,600,900,2,2
518,C/c (43).csv,C,750,1050,2,4
519,C/c (43).csv,C,900,1200,2,1
520,C/c (43).csv,C,1050,1350,2,4
521,C/c (43).csv,C,1200,1500,2,4
522,C/c (43).csv,C,1350,1650,2,2
523,C/c (43).csv,C,1500,1800,2,2
524,C/c (43).csv,C,1650,1950,2,2
525,C/c (43).csv,C,1800,2100,2,2
526,C/c (43).csv,C,1950,2250,2,2
527,C/c (43).csv,C,2100,2400,2,2
528,C/c (43).csv,C,2250,2550,2,2
529,C/c (43).csv,C,2400,2700,2,2
530,C/c (43).csv,C,2550,2850,2,1
531,C/c (43).csv,C,2700,3000,2,2
532,C/c (44).csv,C,0,300,2,1
533,C/c (44).csv,C,150,450,2,1
534,C/c (44).csv,C,300,600,2,1
535,C/c (44).csv,C,450,750,2,2
536,C/c (44).csv,C,600,900,2,4
537,C/c (44).csv,C,750,1050,2,2
538,C/c (44).csv,C,900,1200,2,2
539,C/c (44).csv,C,1050,1350,2,2
540,C/c (44).csv,C,1200,1500,2,2
541,C/c (44).csv,C,1350,1650,2,2
542,C/c (44).csv,C,1500,1800,2,2
543,C/c (44).csv,C,1650,1950,2,4
544,C/c (44).csv,C,1800,2100,2,4
545,C/c (44).csv,C,1950,2250,2,2
546,C/c (44).csv,C,2100,2400,2,2
547,C/c (44).csv,C,2250,2550,2,2
548,C/c (44).csv,C,2400,2700,2,2
549,C/c (44).csv,C,2550,2850,2,2
550,C/c (44).csv,C,2700,3000,2,2
551,C/c (8).csv,C,0,300,2,3
552,C/c (8).csv,C,150,450,2,3
553,C/c (8).csv,C,300,600,2,2
554,C/c (8).csv,C,450,750,2,2
555,C/c (8).csv,C,600,900,2,2
556,C/c (8).csv,C,750,1050,2,1
557,C/c (8).csv,C,900,1200,2,2
558,C/c (8).csv,C,1050,1350,2,2
559,C/c (8).csv,C,1200,1500,2,2
560,C/c (8).csv,C,1350,1650,2,2
561,C/c (8).csv,C,1500,1800,2,2
562,C/c (8).csv,C,1650,1950,2,2
563,C/c (8).csv,C,1800,2100,2,2
564,C/c (8).csv,C,1950,2250,2,2
565,C/c (8).csv,C,2100,2400,2,2
566,C/c (8).csv,C,2250,2550,2,2
567,C/c (8).csv,C,2400,2700,2,1
568,C/c (8).csv,C,2550,2850,2,2
569,C/c (8).csv,C,2700,3000,2,1
570,D/d (12).csv,D,0,300,3,3
571,D/d (12).csv,D,150,450,3,3
572,D/d (12).csv,D,300,600,3,3
573,D/d (12).csv,D,450,750,3,3
574,D/d (12).csv,D,600,900,3,3
575,D/d (12).csv,D,750,1050,3,3
576,D/d (12).csv,D,900,1200,3,3
577,D/d (12).csv,D,1050,1350,3,3
578,D/d (12).csv,D,1200,1500,3,3
579,D/d (12).csv,D,1350,1650,3,3
580,D/d (12).csv,D,1500,1800,3,3
581,D/d (12).csv,D,1650,1950,3,3
582,D/d (12).csv,D,1800,2100,3,3
583,D/d (12).csv,D,1950,2250,3,3
584,D/d (12).csv,D,2100,2400,3,3
585,D/d (12).csv,D,2250,2550,3,3
586,D/d (12).csv,D,2400,2700,3,3
587,D/d (12).csv,D,2550,2850,3,3
588,D/d (12).csv,D,2700,3000,3,0
589,D/d (19).csv,D,0,300,3,3
590,D/d (19).csv,D,150,450,3,3
591,D/d (19).csv,D,300,600,3,3
592,D/d (19).csv,D,450,750,3,3
593,D/d (19).csv,D,600,900,3,3
594,D/d (19).csv,D,750,1050,3,3
595,D/d (19).csv,D,900,1200,3,3
596,D/d (19).csv,D,1050,1350,3,3
597,D/d (19).csv,D,1200,1500,3,3
598,D/d (19).csv,D,1350,1650,3,3
599,D/d (19).csv,D,1500,1800,3,3
600,D/d (19).csv,D,1650,1950,3,3
601,D/d (19).csv,D,1800,2100,3,3
602,D/d (19).csv,D,1950,2250,3,3
603,D/d (19).csv,D,2100,2400,3,3
604,D/d (19).csv,D,2250,2550,3,3
605,D/d (19).csv,D,2400,2700,3,3
606,D/d (19).csv,D,2550,2850,3,1
607,D/d (19).csv,D,2700,3000,3,0
608,D/d (2).csv,D,0,300,3,3
609,D/d (2).csv,D,150,450,3,3
610,D/d (2).csv,D,300,600,3,3
611,D/d (2).csv,D,450,750,3,3
612,D/d (2).csv,D,600,900,3,3
613,D/d (2).csv,D,750,1050,3,3
614,D/d (2).csv,D,900,1200,3,1
615,D/d (2).csv,D,1050,1350,3,3
616,D/d (2).csv,D,1200,1500,3,3
617,D/d (2).csv,D,1350,1650,3,3
618,D/d (2).csv,D,1500,1800,3,3
619,D/d (2).csv,D,1650,1950,3,3
620,D/d (2).csv,D,1800,2100,3,3
621,D/d (2).csv,D,1950,2250,3,3
622,D/d (2).csv,D,2100,2400,3,3
623,D/d (2).csv,D,2250,2550,3,2
624,D/d (2).csv,D,2400,2700,3,2
625,D/d (2).csv,D,2550,2850,3,2
626,D/d (2).csv,D,2700,3000,3,0
627,D/d (23).csv,D,0,300,3,3
628,D/d (23).csv,D,150,450,3,3
629,D/d (23).csv,D,300,600,3,3
630,D/d (23).csv,D,450,750,3,3
631,D/d (23).csv,D,600,900,3,3
632,D/d (23).csv,D,750,1050,3,3
633,D/d (23).csv,D,900,1200,3,3
634,D/d (23).csv,D,1050,1350,3,3
635,D/d (23).csv,D,1200,1500,3,3
636,D/d (23).csv,D,1350,1650,3,3
637,D/d (23).csv,D,1500,1800,3,3
638,D/d (23).csv,D,1650,1950,3,3
639,D/d (23).csv,D,1800,2100,3,3
640,D/d (23).csv,D,1950,2250,3,3
641,D/d (23).csv,D,2100,2400,3,2
642,D/d (23).csv,D,2250,2550,3,2
643,D/d (23).csv,D,2400,2700,3,2
644,D/d (23).csv,D,2550,2850,3,3
645,D/d (23).csv,D,2700,3000,3,2
646,D/d (25).csv,D,0,300,3,3
647,D/d (25).csv,D,150,450,3,3
648,D/d (25).csv,D,300,600,3,3
649,D/d (25).csv,D,450,750,3,3
650,D/d (25).csv,D,600,900,3,3
651,D/d (25).csv,D,750,1050,3,3
652,D/d (25).csv,D,900,1200,3,3
653,D/d (25).csv,D,1050,1350,3,3
654,D/d (25).csv,D,1200,1500,3,3
655,D/d (25).csv,D,1350,1650,3,3
656,D/d (25).csv,D,1500,1800,3,3
657,D/d (25).csv,D,1650,1950,3,3
658,D/d (25).csv,D,1800,2100,3,3
659,D/d (25).csv,D,1950,2250,3,3
660,D/d (25).csv,D,2100,2400,3,3
661,D/d (25).csv,D,2250,2550,3,3
662,D/d (25).csv,D,2400,2700,3,3
663,D/d (25).csv,D,2550,2850,3,4
664,D/d (25).csv,D,2700,3000,3,0
665,D/d (30).csv,D,0,300,3,4
666,D/d (30).csv,D,150,450,3,3
667,D/d (30).csv,D,300,600,3,3
668,D/d (30).csv,D,450,750,3,3
669,D/d (30).csv,D,600,900,3,3
670,D/d (30).csv,D,750,1050,3,3
671,D/d (30).csv,D,900,1200,3,3
672,D/d (30).csv,D,1050,1350,3,3
673,D/d (30).csv,D,1200,1500,3,3
674,D/d (30).csv,D,1350,1650,3,3
675,D/d (30).csv,D,1500,1800,3,3
676,D/d (30).csv,D,1650,1950,3,3
677,D/d (30).csv,D,1800,2100,3,3
678,D/d (30).csv,D,1950,2250,3,3
679,D/d (30).csv,D,2100,2400,3,3
680,D/d (30).csv,D,2250,2550,3,3
681,D/d (30).csv,D,2400,2700,3,3
682,D/d (30).csv,D,2550,2850,3,1
683,D/d (30).csv,D,2700,3000,3,4
684,D/d (31).csv,D,0,300,3,4
685,D/d (31).csv,D,150,450,3,4
686,D/d (31).csv,D,300,600,3,4
687,D/d (31).csv,D,450,750,3,3
688,D/d (31).csv,D,600,900,3,3
689,D/d (31).csv,D,750,1050,3,3
690,D/d (31).csv,D,900,1200,3,3
691,D/d (31).csv,D,1050,1350,3,3
692,D/d (31).csv,D,1200,1500,3,3
693,D/d (31).csv,D,1350,1650,3,3
694,D/d (31).csv,D,1500,1800,3,3
695,D/d (31).csv,D,1650,1950,3,3
696,D/d (31).csv,D,1800,2100,3,3
697,D/d (31).csv,D,1950,2250,3,3
698,D/d (31).csv,D,2100,2400,3,3
699,D/d (31).csv,D,2250,2550,3,3
700,D/d (31).csv,D,2400,2700,3,3
701,D/d (31).csv,D,2550,2850,3,2
702,D/d (31).csv,D,2700,3000,3,3
703,D/d (32).csv,D,0,300,3,3
704,D/d (32).csv,D,150,450,3,3
705,D/d (32).csv,D,300,600,3,3
706,D/d (32).csv,D,450,750,3,3
707,D/d (32).csv,D,600,900,3,3
708,D/d (32).csv,D,750,1050,3,3
709,D/d (32).csv,D,900,1200,3,3
710,D/d (32).csv,D,1050,1350,3,3
711,D/d (32).csv,D,1200,1500,3,3
712,D/d (32).csv,D,1350,1650,3,3
713,D/d (32).csv,D,1500,1800,3,3
714,D/d (32).csv,D,1650,1950,3,2
715,D/d (32).csv,D,1800,2100,3,2
716,D/d (32).csv,D,1950,2250,3,3
717,D/d (32).csv,D,2100,2400,3,3
718,D/d (32).csv,D,2250,2550,3,2
719,D/d (32).csv,D,2400,2700,3,3
720,D/d (32).csv,D,2550,2850,3,4
721,D/d (32).csv,D,2700,3000,3,0
722,D/d (4).csv,D,0,300,3,3
723,D/d (4).csv,D,150,450,3,3
724,D/d (4).csv,D,300,600,3,3
725,D/d (4).csv,D,450,750,3,3
726,D/d (4).csv,D,600,900,3,3
727,D/d (4).csv,D,750,1050,3,3
728,D/d (4).csv,D,900,1200,3,3
729,D/d (4).csv,D,1050,1350,3,3
730,D/d (4).csv,D,1200,1500,3,3
731,D/d (4).csv,D,1350,1650,3,3
732,D/d (4).csv,D,1500,1800,3,3
733,D/d (4).csv,D,1650,1950,3,3
734,D/d (4).csv,D,1800,2100,3,3
735,D/d (4).csv,D,1950,2250,3,3
736,D/d (4).csv,D,2100,2400,3,3
737,D/d (4).csv,D,2250,2550,3,3
738,D/d (4).csv,D,2400,2700,3,3
739,D/d (4).csv,D,2550,2850,3,3
740,D/d (4).csv,D,2700,3000,3,3
741,D/d (40).csv,D,0,300,3,3
742,D/d (40).csv,D,150,450,3,3
743,D/d (40).csv,D,300,600,3,2
744,D/d (40).csv,D,450,750,3,2
745,D/d (40).csv,D,600,900,3,3
746,D/d (40).csv,D,750,1050,3,3
747,D/d (40).csv,D,900,1200,3,3
748,D/d (40).csv,D,1050,1350,3,3
749,D/d (40).csv,D,1200,1500,3,3
750,D/d (40).csv,D,1350,1650,3,3
751,D/d (40).csv,D,1500,1800,3,3
752,D/d (40).csv,D,1650,1950,3,3
753,D/d (40).csv,D,1800,2100,3,3
754,D/d (40).csv,D,1950,2250,3,3
755,D/d (40).csv,D,2100,2400,3,3
756,D/d (40).csv,D,2250,2550,3,2
757,D/d (40).csv,D,2400,2700,3,3
758,D/d (40).csv,D,2550,2850,3,2
759,D/d (40).csv,D,2700,3000,3,1
760,E/e (10).csv,E,0,300,4,4
761,E/e (10).csv,E,150,450,4,2
762,E/e (10).csv,E,300,600,4,1
763,E/e (10).csv,E,450,750,4,1
764,E/e (10).csv,E,600,900,4,1
765,E/e (10).csv,E,750,1050,4,1
766,E/e (10).csv,E,900,1200,4,4
767,E/e (10).csv,E,1050,1350,4,4
768,E/e (10).csv,E,1200,1500,4,4
769,E/e (10).csv,E,1350,1650,4,4
770,E/e (10).csv,E,1500,1800,4,4
771,E/e (10).csv,E,1650,1950,4,4
772,E/e (10).csv,E,1800,2100,4,4
773,E/e (10).csv,E,1950,2250,4,4
774,E/e (10).csv,E,2100,2400,4,4
775,E/e (10).csv,E,2250,2550,4,4
776,E/e (10).csv,E,2400,2700,4,4
777,E/e (10).csv,E,2550,2850,4,4
778,E/e (10).csv,E,2700,3000,4,1
779,E/e (11).csv,E,0,300,4,4
780,E/e (11).csv,E,150,450,4,1
781,E/e (11).csv,E,300,600,4,1
782,E/e (11).csv,E,450,750,4,1
783,E/e (11).csv,E,600,900,4,4
784,E/e (11).csv,E,750,1050,4,4
785,E/e (11).csv,E,900,1200,4,4
786,E/e (11).csv,E,1050,1350,4,4
787,E/e (11).csv,E,1200,1500,4,4
788,E/e (11).csv,E,1350,1650,4,2
789,E/e (11).csv,E,1500,1800,4,4
790,E/e (11).csv,E,1650,1950,4,4
791,E/e (11).csv,E,1800,2100,4,4
792,E/e (11).csv,E,1950,2250,4,4
793,E/e (11).csv,E,2100,2400,4,4
794,E/e (11).csv,E,2250,2550,4,4
795,E/e (11).csv,E,2400,2700,4,4
796,E/e (11).csv,E,2550,2850,4,4
797,E/e (11).csv,E,2700,3000,4,4
798,E/e (14).csv,E,0,300,4,1
799,E/e (14).csv,E,150,450,4,4
800,E/e (14).csv,E,300,600,4,4
801,E/e (14).csv,E,450,750,4,4
802,E/e (14).csv,E,600,900,4,1
803,E/e (14).csv,E,750,1050,4,1
804,E/e (14).csv,E,900,1200,4,2
805,E/e (14).csv,E,1050,1350,4,4
806,E/e (14).csv,E,1200,1500,4,4
807,E/e (14).csv,E,1350,1650,4,4
808,E/e (14).csv,E,1500,1800,4,4
809,E/e (14).csv,E,1650,1950,4,4
810,E/e (14).csv,E,1800,2100,4,4
811,E/e (14).csv,E,1950,2250,4,4
812,E/e (14).csv,E,2100,2400,4,4
813,E/e (14).csv,E,2250,2550,4,4
814,E/e (14).csv,E,2400,2700,4,2
815,E/e (14).csv,E,2550,2850,4,2
816,E/e (14).csv,E,2700,3000,4,4
817,E/e (2).csv,E,0,300,4,4
818,E/e (2).csv,E,150,450,4,4
819,E/e (2).csv,E,300,600,4,4
820,E/e (2).csv,E,450,750,4,4
821,E/e (2).csv,E,600,900,4,3
822,E/e (2).csv,E,750,1050,4,1
823,E/e (2).csv,E,900,1200,4,1
824,E/e (2).csv,E,1050,1350,4,4
825,E/e (2).csv,E,1200,1500,4,4
826,E/e (2).csv,E,1350,1650,4,4
827,E/e (2).csv,E,1500,1800,4,4
828,E/e (2).csv,E,1650,1950,4,4
829,E/e (2).csv,E,1800,2100,4,4
830,E/e (2).csv,E,1950,2250,4,4
831,E/e (2).csv,E,2100,2400,4,4
832,E/e (2).csv,E,2250,2550,4,4
833,E/e (2).csv,E,2400,2700,4,4
834,E/e (2).csv,E,2550,2850,4,4
835,E/e (2).csv,E,2700,3000,4,4
836,E/e (21).csv,E,0,300,4,1
837,E/e (21).csv,E,150,450,4,4
838,E/e (21).csv,E,300,600,4,3
839,E/e (21).csv,E,450,750,4,4
840,E/e (21).csv,E,600,900,4,4
841,E/e (21).csv,E,750,1050,4,1
842,E/e (21).csv,E,900,1200,4,1
843,E/e (21).csv,E,1050,1350,4,1
844,E/e (21).csv,E,1200,1500,4,4
845,E/e (21).csv,E,1350,1650,4,4
846,E/e (21).csv,E,1500,1800,4,4
847,E/e (21).csv,E,1650,1950,4,4
848,E/e (21).csv,E,1800,2100,4,4
849,E/e (21).csv,E,1950,2250,4,4
850,E/e (21).csv,E,2100,2400,4,4
851,E/e (21).csv,E,2250,2550,4,4
852,E/e (21).csv,E,2400,2700,4,1
853,E/e (21).csv,E,2550,2850,4,0
854,E/e (21).csv,E,2700,3000,4,1
855,E/e (23).csv,E,0,300,4,1
856,E/e (23).csv,E,150,450,4,4
857,E/e (23).csv,E,300,600,4,3
858,E/e (23).csv,E,450,750,4,4
859,E/e (23).csv,E,600,900,4,4
860,E/e (23).csv,E,750,1050,4,4
861,E/e (23).csv,E,900,1200,4,4
862,E/e (23).csv,E,1050,1350,4,4
863,E/e (23).csv,E,1200,1500,4,4
864,E/e (23).csv,E,1350,1650,4,4
865,E/e (23).csv,E,1500,1800,4,4
866,E/e (23).csv,E,1650,1950,4,4
867,E/e (23).csv,E,1800,2100,4,4
868,E/e (23).csv,E,1950,2250,4,4
869,E/e (23).csv,E,2100,2400,4,4
870,E/e (23).csv,E,2250,2550,4,4
871,E/e (23).csv,E,2400,2700,4,4
872,E/e (23).csv,E,2550,2850,4,4
873,E/e (23).csv,E,2700,3000,4,0
874,E/e (26).csv,E,0,300,4,3
875,E/e (26).csv,E,150,450,4,3
876,E/e (26).csv,E,300,600,4,4
877,E/e (26).csv,E,450,750,4,3
878,E/e (26).csv,E,600,900,4,4
879,E/e (26).csv,E,750,1050,4,1
880,E/e (26).csv,E,900,1200,4,4
881,E/e (26).csv,E,1050,1350,4,4
882,E/e (26).csv,E,1200,1500,4,4
883,E/e (26).csv,E,1350,1650,4,4
884,E/e (26).csv,E,1500,1800,4,4
885,E/e (26).csv,E,1650,1950,4,4
886,E/e (26).csv,E,1800,2100,4,4
887,E/e (26).csv,E,1950,2250,4,4
888,E/e (26).csv,E,2100,2400,4,4
889,E/e (26).csv,E,2250,2550,4,4
890,E/e (26).csv,E,2400,2700,4,4
891,E/e (26).csv,E,2550,2850,4,3
892,E/e (26).csv,E,2700,3000,4,4
893,E/e (36).csv,E,0,300,4,4
894,E/e (36).csv,E,150,450,4,4
895,E/e (36).csv,E,300,600,4,3
896,E/e (36).csv,E,450,750,4,3
897,E/e (36).csv,E,600,900,4,4
898,E/e (36).csv,E,750,1050,4,4
899,E/e (36).csv,E,900,1200,4,4
900,E/e (36).csv,E,1050,1350,4,4
901,E/e (36).csv,E,1200,1500,4,4
902,E/e (36).csv,E,1350,1650,4,4
903,E/e (36).csv,E,1500,1800,4,4
904,E/e (36).csv,E,1650,1950,4,4
905,E/e (36).csv,E,1800,2100,4,4
906,E/e (36).csv,E,1950,2250,4,4
907,E/e (36).csv,E,2100,2400,4,4
908,E/e (36).csv,E,2250,2550,4,4
909,E/e (36).csv,E,2400,2700,4,4
910,E/e (36).csv,E,2550,2850,4,4
911,E/e (36).csv,E,2700,3000,4,4
912,E/e (43).csv,E,0,300,4,4
913,E/e (43).csv,E,150,450,4,4
914,E/e (43).csv,E,300,600,4,2
915,E/e (43).csv,E,450,750,4,4
916,E/e (43).csv,E,600,900,4,4
917,E/e (43).csv,E,750,1050,4,4
918,E/e (43).csv,E,900,1200,4,4
919,E/e (43).csv,E,1050,1350,4,4
920,E/e (43).csv,E,1200,1500,4,4
921,E/e (43).csv,E,1350,1650,4,4
922,E/e (43).csv,E,1500,1800,4,4
923,E/e (43).csv,E,1650,1950,4,4
924,E/e (43).csv,E,1800,2100,4,4
925,E/e (43).csv,E,1950,2250,4,4
926,E/e (43).csv,E,2100,2400,4,4
927,E/e (43).csv,E,2250,2550,4,4
928,E/e (43).csv,E,2400,2700,4,4
929,E/e (43).csv,E,2550,2850,4,4
930,E/e (43).csv,E,2700,3000,4,3
931,E/e (7).csv,E,0,300,4,4
932,E/e (7).csv,E,150,450,4,4
933,E/e (7).csv,E,300,600,4,4
934,E/e (7).csv,E,450,750,4,4
935,E/e (7).csv,E,600,900,4,4
936,E/e (7).csv,E,750,1050,4,4
937,E/e (7).csv,E,900,1200,4,4
938,E/e (7).csv,E,1050,1350,4,4
939,E/e (7).csv,E,1200,1500,4,4
940,E/e (7).csv,E,1350,1650,4,4
941,E/e (7).csv,E,1500,1800,4,4
942,E/e (7).csv,E,1650,1950,4,4
943,E/e (7).csv,E,1800,2100,4,4
944,E/e (7).csv,E,1950,2250,4,4
945,E/e (7).csv,E,2100,2400,4,4
946,E/e (7).csv,E,2250,2550,4,4
947,E/e (7).csv,E,2400,2700,4,2
948,E/e (7).csv,E,2550,2850,4,4
949,E/e (7).csv,E,2700,3000,4,4
